implementation_id,control_family_id,legacy_ids,intervention,layer,instrument_class,operative_instrument_legal_basis,implementer,jurisdiction,legal_force,legal_status,legal_scope_correction,operational_maturity,mechanism_targeted,causal_chain_point,agency_domain,primary_evidence_basis,mechanism_evidence_tier,intervention_effect_evidence,claim_class,expected_effect,main_failure_evasion,rights_trade_offs,metric,decision_tier,decision_rationale,horizon_date,part_1_linkage,part_2_linkage,last_reviewed,notes,family_name,mechanism_ids,context_entity_ids,research_gap_ids,claim_ids,effect_claim_ids,legal_claim_ids,mechanism_claim_ids,source_ids,policy_package_ids,effect_claim_checked,legal_claim_checked,mechanism_claim_checked,effect_claim_reviewed,priority_effect_review_outcomes,priority_effect_publication_actions,publication_claim_class,publication_status
I-001,CF-001,P4-001,Root-purpose provenance across multi-agent handoffs,Agent / deployment,Procurement,"Agent protocol, audit standard, procurement clause","Agent providers, deployers, auditors, public procurers",Cross-jurisdictional,Research,Research proposal,Research proposal,Pilot,"Bind every delegated subtask, tool call, generated artifact, and terminal action to a signed root-purpose record, with explicit scope changes and controller identity.",Capability → controller → delegated vector,Executive; decisional; collective / institutional,Project — confirmatory mechanism,Project-C,None — mechanism or proposal only,Established — project mechanism,Makes harmful composition inspectable and prevents local compliance from substituting for end-to-end purpose review.,False or vague root purposes; off-ledger work; laundering through external tools; excessive retention of sensitive prompts.,"Minimize retained content, separate oversight metadata from message content, and provide due process for contested classifications.",Share of consequential actions traceable to an unchanged root purpose; undocumented scope-change rate; reviewer agreement.,Pilot,"Decision follows legal maturity, causal plausibility, reversibility and current evidence—not a composite score.",Pilot — 6–18 months,Confirmatory mechanism,Contextual capability link,2026-08-11,Canonical project URL recorded in v0.3 Sources; policy effect remains untested.,Root-purpose provenance across multi-agent handoffs,M-01; M-06; M-08; M-14; M-16,,G-03,CLM-0001; CLM-0002,CLM-0002,,CLM-0001,SRC-001,P02,false,false,false,false,,,Provisional — project mechanism not claim-checked,research_preview
I-002,CF-002,P4-002,Workflow-level global guard before consequential completion,Agent / deployment,Law / regulation,"Deployment rule, safety case control, high-impact action gate","Agent providers, platforms, campaigns, public deployers",Cross-jurisdictional,Research,Research proposal,Research proposal,Pilot,"Evaluate the cumulative plan, intermediate artifacts, recipient, scale, target, and foreseeable downstream use immediately before a consequential action is executed.",Vector → target → consequential action,Executive; decisional,Project — confirmatory mechanism,Project-C,None — mechanism or proposal only,Established — project mechanism,Restores end-to-end review at the point where reversible assistance becomes real-world harm.,Action splitting below thresholds; external execution; warning fatigue; evaluator-model collusion or shared blind spots.,"Use risk-based triggers, clear appeal, minimal delay, and protected space for lawful political participation.",Blocked harmful completions; unnecessary interruption rate; bypass cost; latency; successful appeal rate.,Pilot,"Decision follows legal maturity, causal plausibility, reversibility and current evidence—not a composite score.",Pilot — 6–18 months,Confirmatory mechanism,Contextual capability link,2026-08-11,Should be evaluated against intentionally fragmented benign-looking workflows.,Workflow-level global guard before consequential completion,M-01; M-06; M-16,,G-03,CLM-0003; CLM-0004,CLM-0004,,CLM-0003,SRC-001,P02,false,false,false,false,,,Provisional — project mechanism not claim-checked,research_preview
I-003,CF-003,P4-003,Machine-readable authorization boundaries and least privilege for agents,Agent / deployment,Procurement,"Technical standard, product-safety duty, procurement clause","Standards bodies, agent providers, deployers, regulators",Cross-jurisdictional,Research,Research proposal,Research proposal with standards precedents,Pilot,"Express purpose, permitted tools, targets, data, spend, duration, audience, and escalation conditions as enforceable grants; require renewed confirmation for high-impact deviations.",Controller → vector,Executive; decisional; institutional,Project — exploratory,Project-X,None — mechanism or proposal only,Plausible hypothesis,Preserves meaningful delegation while preventing quiet expansion of an agent's authority.,Overbroad default grants; consent fatigue; compromised credentials; delegation to ungoverned agents.,"Avoid identity requirements for low-risk use and make authorization legible, revocable, and accessible.",Unauthorized-action rate; median permission scope; revocation time; percentage of consequential actions explicitly confirmed.,Pilot,"Decision follows legal maturity, causal plausibility, reversibility and current evidence—not a composite score.",Pilot — 6–18 months,Exploratory link,Contextual capability link,2026-08-11,Combine with root-purpose provenance; permissions without purpose can still authorize harmful composition.,"Agent authorization, least privilege and action control",M-01; M-06; M-14,C-06,G-03,CLM-0005; CLM-0006,CLM-0006,,CLM-0005,SRC-002,P02,false,false,false,false,,,Plausible hypothesis,research_preview
I-004,CF-004,P4-004,Tamper-evident workflow traces and election evidence preservation,Cross-layer,Coordination / incident response,"Recordkeeping duty, incident protocol, audit standard","Labs, agent providers, platforms, electoral authorities",Cross-jurisdictional,Research,Research proposal,Research proposal with DSA and incident-reporting precedents,Research,"Record model/version, controller, root purpose, tool permissions, consequential actions, delivery endpoints, and intervention events in privacy-preserving tamper-evident logs with legal hold and researcher-access paths.",Change → agency transfer → accountability,Collective / institutional; epistemic,Project — exploratory,Project-X,Indirect / mixed,Plausible hypothesis,"Makes investigation, remedy, independent audit, and policy learning possible after fast-moving incidents.","Encrypted channels, offshore actors, log tampering, excessive data capture, selective retention.","Strict purpose limitation, access controls, retention limits, legal process, and protection of journalists and political association.",Evidence completeness; preservation latency; chain-of-custody failures; validated external access requests.,Implement now,"Decision follows legal maturity, causal plausibility, reversibility and current evidence—not a composite score.",0–6 months,Exploratory link,No direct link,2026-08-11,Do not equate logging with indiscriminate surveillance.,Tamper-evident workflow traces and election evidence preservation,M-01; M-06; M-11; M-12; M-13,,G-03; G-08; G-13,CLM-0007; CLM-0008,CLM-0008,,CLM-0007,SRC-003,P02; P13,false,false,false,false,,,Plausible hypothesis,research_preview
I-005,CF-005,P4-005,Longitudinal APE–MASK–manipulation evaluation suite,Model / provider,Research / evaluation,Independent TEVV protocol and pre-release assurance,"Providers, AI safety institutes, accredited researchers",Cross-jurisdictional,Research,Research proposal,Core research proposal,Pilot,"Run a staged evaluation from harmful-persuasion propensity and pressured deception to contextual efficacy, adaptive attacks, agent scaffolds, personalization, and 7-, 30-, and 90-day agency outcomes.",Capability → vector → target → change,Evaluative; decisional; relational,Normative proposal,E0,None — mechanism or proposal only,Plausible hypothesis,"Separates propensity, deception, efficacy, durability, safeguard robustness, and deployment scale.","Benchmark gaming, contamination, narrow languages, evaluator bias, unsafe disclosure, and weak ecological validity.","Ethics review, participant protection, controlled access to dangerous artifacts, and publication of aggregate rather than operational misuse details.","Attempt, honesty, efficacy, persistence, reversal, robustness, and reach-adjusted risk with confidence intervals.",Pilot,"Decision follows legal maturity, causal plausibility, reversibility and current evidence—not a composite score.",Pilot — 6–18 months,No direct link,Contextual capability link,2026-08-11,Scores must not be treated as validated democratic-harm thresholds until construct and outcome validity are established.,Longitudinal APE–MASK–manipulation evaluation suite,M-04; M-05; M-06; M-12,,G-02; G-04; G-06; G-12,CLM-0009; CLM-0010,CLM-0010,,CLM-0009,SRC-004,P03,false,false,true,false,,,Plausible hypothesis,research_preview
I-006,CF-006,P4-006,Manipulation capability–reach threshold tied to release and deployment decisions,Cross-layer,Policy / organizational control,"Delegated regulatory threshold, release gate, election-risk trigger","AI Office, electoral authorities, safety institutes, providers",EU pilot; internationally adaptable,Research,Research proposal,Core research proposal,Research,"Combine validated manipulation capability, safeguard robustness, release reversibility, personalization, tool access, likely reach, and election timing into graduated obligations.",Capability → controller → vector → scale,Evaluative; decisional; collective / institutional,Normative proposal,E0,None — mechanism or proposal only,Open question,Connects research evidence to consequential policy action while scaling controls to actual risk and reversibility.,"Threshold gaming, metric monoculture, offshore release, rapid derivative models, and over-restriction of open research.","Multiple independent measures, appeal, periodic recalibration, public methodology, and protected research access.",False-negative and false-positive designation rates; time to mitigation; residual reach-adjusted risk; circumvention.,Research / hold,"Decision follows legal maturity, causal plausibility, reversibility and current evidence—not a composite score.",Research — 6–30 months,No direct link,Contextual capability link,2026-08-11,Central unanswered policy question of Part 4.,Manipulation capability-to-deployment decision logic,M-02; M-05; M-06; M-12; M-14,,G-02; G-12,CLM-0011; CLM-0012,CLM-0012,,CLM-0011,SRC-004,,false,false,true,false,,,Open question,research_preview
I-007,CF-007,P4-007,Election access-risk observatory for frontier and open-weight releases,Electoral operations,Research / evaluation,"Public-interest observatory, secure evidence repository","Universities, AI safety institutes, electoral networks, repositories",International,Research,Research proposal,Research and preparedness proposal,Pilot,"Track release dates, access modality, derivatives, safeguard state, language coverage, campaign tooling, election windows, and incident signals without publishing reproducible misuse pathways.",Capability → controller → vector → target,Collective / institutional; epistemic,Normative proposal,None,None — mechanism or proposal only,Plausible hypothesis,"Identifies when a capability change should trigger tabletop exercises, platform contacts, monitoring, or independent tests.","Incomplete model coverage, hidden derivatives, jurisdictional gaps, stigmatizing open models, and unsafe detail leakage.","Publish risk indicators and methods, not targeting recipes, exploit prompts, or sensitive actor attribution without due process.",Release coverage; verification lag; election-window alerts; interventions initiated; false alarms.,Pilot,"Decision follows legal maturity, causal plausibility, reversibility and current evidence—not a composite score.",Pilot — 6–18 months,No direct link,Contextual capability link,2026-08-11,"A suitable later candidate for a cleaned, versioned public dataset.",Open-weight and election-window observability,M-02; M-03; M-12; M-13; M-14,C-02,G-05; G-13,CLM-0013; CLM-0014,CLM-0014,,CLM-0013,SRC-005,P05; P13,false,false,false,false,,,Plausible hypothesis,research_preview
I-008,CF-008,P4-008,Official-source grounding for verifiable election-administration facts,Electoral operations,Technical standard / product control,"Platform and assistant duty, electoral protocol","Election authorities, assistants, search and social platforms",National; Brazil provides a binding operational precedent,Proposed,Proposed / pending,No general Brazilian official-source-grounding duty; product control proposed for verifiable election-administration facts.,Pilot,"Ground answers about registration, eligibility, polling places, voting procedures and certified results in current authoritative election sources, with citations and escalation when sources conflict.",Vector → target → belief or behavior change,Epistemic; decisional; collective / institutional,Normative proposal,None,Direct component evidence,Established — component effect,Reduces preventable administrative disenfranchisement and makes correction operational rather than merely declaratory.,"Delayed official data, fabricated citations, cross-platform migration, correction backfire, and unequal reach.",Confine authoritative grounding to verifiable election administration facts; do not convert it into viewpoint control.,Grounding accuracy; latency; correction reach ratio; belief correction; turnout-information error rate.,Pilot,Low-regret component with bounded evidence; monitor transfer and rights costs.,Pilot — 6–18 months,No direct link,No direct link,2026-08-11,Normative product control. Brazil 2026 does not impose a general official-source-grounding duty; the separate corrective-reach remedy remains in P4-076.,Official-source grounding for verifiable election-administration facts,M-07; M-11; M-13; M-14,C-05; D-01,G-06; G-10; G-12,CLM-0015; CLM-0016,CLM-0016,,CLM-0015,,,false,false,false,true,Unsupported as written,Downgrade to Strong inference,Provisional — effect evidence not claim-checked,research_preview
I-009,CF-006,P4-009,Proposed capability-plus-reach systemic-risk trigger,Model / provider,Law / regulation,Policy proposal informed by AI Act Article 51 and Annex XIII,European Commission and AI Office,EU,Proposed,Proposed / pending,Policy proposal; not the current EU designation rule,Research,"Propose a second policy screen combining measured capability with reach, tool access, scalability and release modality; do not treat this as the current AI Act Article 51 rule.",capability growth → frontier provider → model or API → population and institutions → scalable influence → agency transfer to provider or operator,Executive; Collective / institutional,Normative proposal,E0,None — mechanism or proposal only,Plausible hypothesis,"Avoids relying only on FLOP thresholds and can capture highly persuasive, agentic or widely distributed models below a compute threshold",Capability tests can be gamed; designation may lag releases; regulatory uncertainty and threshold gaming,"Necessity, proportionality, privacy, speech, competition, and access require context-specific review.",Share of frontier-equivalent models designated; time from capability evidence to designation; false-negative rate,Research / hold,"Decision follows legal maturity, causal plausibility, reversibility and current evidence—not a composite score.",Research — 6–30 months,No direct link,Contextual capability link,2026-08-11,"Article 51 uses alternative routes—high-impact capability or Commission designation. Reach and users are Annex XIII factors, not a second mandatory trigger.",Manipulation capability-to-deployment decision logic,M-02; M-06; M-14; M-16,,G-02,CLM-0017; CLM-0018,CLM-0018,,CLM-0017,SRC-007,,false,false,false,false,,,Plausible hypothesis,research_preview
I-010,CF-010,P4-010,Harmful manipulation as a specified systemic-risk domain,Model / provider,Policy / organizational control,regulated systemic-risk taxonomy,AI Office and GPAI systemic-risk providers,EU,Voluntary / private,Operational voluntary,implemented through AI Act compliance practice,Operational,"Require identification and assessment of persuasion, deception and personalised targeting in multi-turn, high-stakes contexts",persuasive capability → provider or malicious user → personalised dialogue → voter or decision-maker → covert belief or behaviour change → agency transfer → democratic harm,Epistemic; Evaluative; Decisional; Collective / institutional,Normative proposal,E0,Indirect / mixed,Plausible hypothesis,Makes manipulation a first-class frontier risk rather than treating it only as misinformation or content safety,"Severe-scale threshold may omit cumulative agency loss, local elections, synthetic intimacy and minority targeting","Necessity, proportionality, privacy, speech, competition, and access require context-specific review.","Percentage of systemic-model reports with manipulation threat models, evaluations, mitigations and residual-risk findings",Implement now,"Decision follows legal maturity, causal plausibility, reversibility and current evidence—not a composite score.",0–6 months,No direct link,Contextual capability link,2026-08-11,"This is the clearest legal destination for the APE, MASK and election red-team artefacts developed in Parts 1–2.",GPAI harmful-manipulation systemic-risk governance,M-03; M-04; M-05; M-08; M-12,,G-02,CLM-0019; CLM-0020; CLM-0021,CLM-0021,CLM-0019,CLM-0020,SRC-004,,false,false,true,false,,,Plausible hypothesis,research_preview
I-011,CF-011,P4-011,APE-style harmful-persuasion propensity diagnostic — not a release gate,Model / provider,Research / evaluation,pre-release benchmark and release condition,"model providers, independent evaluators and AI safety institutes",international recommendation,Research,Research proposal,"APE is an E0 diagnostic, not a validated release gate.",Research,"Test whether a model attempts persuasion on harmful and election-relevant objectives across direct, indirect and multi-turn prompts",instruction following → campaign or influence actor → generated persuasive dialogue → voter → attempted preference shaping → agency transfer,Evaluative; Decisional; Collective / institutional,External empirical,E0,None — mechanism or proposal only,Plausible hypothesis,Detects willingness to persuade where generic harmful-content benchmarks and direct-request refusal tests miss risk,Attempt rate is not persuasion efficacy; evaluator-model bias; benchmark contamination; narrow topic coverage,"Necessity, proportionality, privacy, speech, competition, and access require context-specific review.","Harmful-attempt rate with 95% confidence intervals by topic, language, prompt type, turn and safeguard condition",Research / hold,Useful diagnostic signal; no validated path from score to human harm or release prohibition.,Research — 6–30 months,No direct link,Contextual capability link,2026-08-11,"Run the persisted APE suite against base, instruct, API, open-weight and abliterated variants; preserve transcripts and release-level metadata.",APE-style harmful-persuasion propensity diagnostic — not a release gate,M-03; M-04; M-12; M-14; M-16,,G-02,CLM-0022; CLM-0023,CLM-0023,,CLM-0022,SRC-008,P04,false,false,true,false,,,Plausible hypothesis,research_preview
I-012,CF-012,P4-012,Context-specific manipulation efficacy evaluation,Model / provider,Research / evaluation,human-participant TEVV protocol and deployment gate,"providers, regulators and accredited research institutions",international recommendation,Voluntary / private,Operational voluntary,implemented by Google DeepMind; recommended as common requirement,Pilot,Measure both manipulative tactics and actual belief or behaviour change in controlled high-stakes interactions across locales,manipulative capability → provider or operator → contextual dialogue → person → belief or behavioural change → loss of reflective agency,Epistemic; Evaluative,Normative proposal,E2,None — mechanism or proposal only,Plausible hypothesis,Separates propensity from efficacy and tests process and outcome harms in contexts where manipulation may actually work,"Cost, participant ethics, limited external validity, cultural variation and inability to test the most harmful scenarios directly","Necessity, proportionality, privacy, speech, competition, and access require context-specific review.",Belief and behaviour change versus control; tactic frequency; heterogeneous effects by locale and vulnerability; persistence at follow-up,Pilot,"Decision follows legal maturity, causal plausibility, reversibility and current evidence—not a composite score.",Pilot — 6–18 months,No direct link,Contextual capability link,2026-08-11,APE should be the low-cost propensity screen; models crossing it should receive deeper election-specific outcome testing rather than treating APE as sufficient.,Context-specific manipulation efficacy evaluation,M-10; M-12; M-13; M-16,,G-02; G-04; G-06; G-12,CLM-0024; CLM-0025; CLM-0026,CLM-0026,CLM-0024,CLM-0025,SRC-009; SRC-093; SRC-095; SRC-113; SRC-114,P03,false,false,true,false,,,Plausible hypothesis,research_preview
I-013,CF-013,P4-013,MASK-style honesty and pressured-deception diagnostic — not a manipulation gate,Model / provider,Research / evaluation,behavioural benchmark and release assurance,providers and independent evaluators,international recommendation,Research,Research proposal,"MASK is an E0 diagnostic, not a manipulation or release gate.",Research,"Test whether a model knowingly contradicts its represented beliefs when instructed, incentivised or pressured to deceive",deceptive propensity → model or agent controller → trusted answer or recommendation → user or official → false belief under asymmetric trust → agency transfer,Epistemic; Decisional; Executive; Relational,External empirical,E0,None — mechanism or proposal only,Plausible hypothesis,Adds intentional or pressure-induced deception to manipulation evaluation instead of conflating honesty with factual accuracy,Model beliefs are difficult to infer; benchmark may not represent strategic deception in deployed agents,"Necessity, proportionality, privacy, speech, competition, and access require context-specific review.",Honesty conditional on inferred knowledge; contradiction rate under pressure; calibration and evaluator agreement,Research / hold,Useful diagnostic signal; no validated path from score to human harm or release prohibition.,Research — 6–30 months,No direct link,Contextual capability link,2026-08-11,MASK complements APE: APE measures willingness to influence; MASK tests whether the model will knowingly misrepresent information while doing so.,MASK-style honesty and pressured-deception diagnostic — not a manipulation gate,M-05; M-06; M-09; M-13; M-16,,G-02,CLM-0027; CLM-0028,CLM-0028,,CLM-0027,SRC-010,P04,false,false,true,false,,,Plausible hypothesis,research_preview
I-014,CF-014,P4-014,"Adaptive jailbreak, fine-tuning and abliteration robustness testing",Model / provider,Research / evaluation,mandatory adversarial TEVV and robustness margin,"providers, external red teams and regulators",EU compliance practice; international recommendation,Mixed,Applicable,Article 55 duties bind systemic-risk GPAI providers; NIST/Code testing methods remain voluntary compliance choices.,Pilot,"Evaluate mitigations under adaptive prompting, safety-removal fine-tunes, altered system prompts, scaffolds and abliterated checkpoints",latent capability → adversarial modifier → safeguard removal → influence campaign → harmful persuasion at scale → agency transfer,Evaluative,Project — exploratory,Project-X,None — legal existence only,Established — legal status,Tests the actual threat model demonstrated by open weights and Part 1 rather than relying on default-chat refusals,Expensive adaptive testing; publication can aid attackers; no stable definition of sufficient robustness,"Necessity, proportionality, privacy, speech, competition, and access require context-specific review.",Worst-case safeguard bypass rate; APE and MASK degradation after attack or fine-tune; attack cost; safety-capability Pareto frontier,Pilot,"Decision follows legal maturity, causal plausibility, reversibility and current evidence—not a composite score.",Pilot — 6–18 months,Exploratory link,Contextual capability link,2026-08-11,Part 1’s persisted jailbreak and abliterated-model runs are direct evidence for making adversarial elicitation a formal release test.,"Adaptive jailbreak, fine-tuning and abliteration robustness testing",M-02; M-16,,G-02; G-12,CLM-0029; CLM-0030; CLM-0031,CLM-0031,CLM-0029,CLM-0030,SRC-011,P01; P03,false,false,false,false,,,Provisional — legal status not claim-checked,research_preview
I-015,CF-015,P4-015,Agent-scaffold and tool-access evaluation,Model / provider,Research / evaluation,agentic capability evaluation and deployment gate,"providers, NIST or AISI and independent evaluators",international recommendation,Voluntary / private,Operational voluntary,evaluation infrastructure implemented; policy gate recommended,Pilot,"Test models with realistic memory, browsing, tools, parallelism, long horizons and campaign-like scaffolding",agentic capability → operator → tools and persistent workflow → target population → adaptive repeated influence → agency transfer at scale,Evaluative; Executive,Project — exploratory,Project-X,None — mechanism or proposal only,Plausible hypothesis,Reveals capabilities hidden by single-turn model tests and measures end-to-end campaign assistance,Results depend heavily on scaffold quality; agents can exploit or cheat evaluations; dual-use evaluation artefacts,"Necessity, proportionality, privacy, speech, competition, and access require context-specific review.",End-to-end task success; autonomous steps; tool calls; intervention frequency; time and cost to campaign objective,Pilot,"Decision follows legal maturity, causal plausibility, reversibility and current evidence—not a composite score.",Pilot — 6–18 months,Exploratory link,Contextual capability link,2026-08-11,Re-run Part 1 prompts through agent scaffolds; Part 2 should report both raw-model and system-level capability trajectories.,Agent-scaffold and tool-access evaluation,M-04; M-06; M-16,,G-02; G-03,CLM-0032; CLM-0033; CLM-0034,CLM-0034,CLM-0032,CLM-0033,SRC-002,P02; P03,false,false,false,false,,,Plausible hypothesis,research_preview
I-016,CF-046,P4-016,Independent evaluator access to capable and minimally mitigated models,Model / provider,Law / regulation,GPAI Code external-evaluator commitments; proposed statutory access right and safe harbour,"AI Office, providers and accredited evaluators",EU compliance practice,Proposed,Proposed / pending,Code commitment for signatories; broader access right proposed,Pilot,"Give qualified external evaluators timely access to the strongest model, relevant internals and the version with the fewest safeguards",provider information asymmetry → independent testing → credible risk evidence → constrained release decision → reduced agency concentration,Epistemic; Decisional; Relational; Collective / institutional,Normative proposal,None,None — mechanism or proposal only,Plausible hypothesis,"Reduces self-assessment bias and permits realistic APE, MASK and red-team testing before irreversible release","Trade-secret and security leakage; provider-selected evaluators; insufficient time, compute or publication freedom","Necessity, proportionality, privacy, speech, competition, and access require context-specific review.",Number and independence of evaluators; access lead time; compute budget; findings fixed; publication delays,Pilot,"Decision follows legal maturity, causal plausibility, reversibility and current evidence—not a composite score.",Pilot — 6–18 months,No direct link,Contextual capability link,2026-08-11,"The Code commitment is a voluntary compliance route for signatories, not a standalone statutory right to minimally mitigated models or publication freedom.",Independent evaluation and researcher access,M-02; M-05; M-12; M-13; M-14,,G-13,CLM-0035; CLM-0036,CLM-0036,,CLM-0035,SRC-004,P13,false,false,true,false,,,Plausible hypothesis,research_preview
I-017,CF-017,P4-017,Pre-release safety case and Safety and Security Model Report,Model / provider,Governance / assurance,GPAI Code Safety and Security Model Report; proposed statutory safety-case gate,systemic-risk GPAI provider and AI Office,EU,Proposed,Proposed / pending,Code commitment for signatories; statutory release-condition extension proposed,Pilot,"For signatories, document systemic-risk reasoning in the Safety and Security Model Report; a regulator-filed pre-release safety case or release condition is a further proposal.",capability evidence → provider decision → release modality → public exposure → residual manipulation risk → accountability for agency transfer,Evaluative; Decisional; Collective / institutional,Normative proposal,None,None — mechanism or proposal only,Plausible hypothesis,"Forces evaluation results, assumptions, mitigations, uncertainty and release reasoning into one auditable decision record",Can become compliance theatre; provider defines acceptability; confidential filings limit public scrutiny,"Necessity, proportionality, privacy, speech, competition, and access require context-specific review.",Pre-release filing rate; safety-margin size; unresolved findings; regulator challenge rate; post-release falsification,Pilot,"Decision follows legal maturity, causal plausibility, reversibility and current evidence—not a composite score.",Pilot — 6–18 months,No direct link,Contextual capability link,2026-08-11,"No EU pre-release approval follows automatically from the Code. APE/MASK may be evidence inputs, never isolated acceptance thresholds.",Pre-release safety case and Safety and Security Model Report,M-02; M-12; M-14; M-16,,G-02,CLM-0037; CLM-0038,CLM-0038,,CLM-0037,SRC-004,,false,false,true,false,,,Plausible hypothesis,research_preview
I-018,CF-018,P4-018,Continuous post-deployment re-evaluation,Model / provider,Research / evaluation,continuous monitoring and mandatory report update,"providers, deployers and regulator",EU; international recommendation,Binding — limited scope,Applicable,Binding Article 55 duties for GPAI with systemic risk; monitoring methods remain under development.,Operational,"Repeat risk assessment after post-training, new tools, higher inference compute, new integrations, incidents or observed drift",deployment change → provider or integrator → altered model affordances → users → emergent influence or dependency → agency transfer,Executive; Relational,Legal / operational precedent,None,None — legal existence only,Established — legal status,"Addresses risks that static pre-release benchmarks cannot observe, including adaptive relationships and integration effects",Privacy-invasive logging; distributed-system blind spots; monitoring burden; uncertain causal attribution,"Necessity, proportionality, privacy, speech, competition, and access require context-specific review.","Re-evaluation cadence; drift in APE, MASK and efficacy metrics; incidents per million interactions; time to mitigation",Enforce now,Enforce legal scope; measure implementation and rights costs separately from legal existence.,0–6 months,No direct link,Contextual capability link,2026-08-11,"The research harness should preserve model version, provider, safeguard state and date so Part 2 becomes a genuine longitudinal monitor.",Continuous post-deployment re-evaluation,M-05; M-12; M-15; M-16,,,CLM-0039; CLM-0040; CLM-0041,CLM-0041,CLM-0039,CLM-0040,SRC-012,P01; P03,false,false,false,false,,,Provisional — legal status not claim-checked,research_preview
I-019,CF-019,P4-019,Serious-incident reporting plus a proposed manipulation near-miss register,Model / provider,Coordination / incident response,AI Act Article 55 serious-incident duty; proposed near-miss extension,"providers, deployers, AI Office and national authorities",EU baseline; recommended expansion internationally,Proposed,Proposed / pending,Serious-incident reporting binding; near-miss extension proposed,Design-ready,"Report serious incidents under the binding AI Act duty; separately pilot protected reporting of manipulation near misses, safeguard bypass and deceptive agent behaviour.",deployed model → operator or autonomous agent → harmful influence event → affected public → detected agency loss → corrective action,Evaluative; Executive; Collective / institutional,Normative proposal,None,Indirect / mixed,Plausible hypothesis,"Creates feedback between real misuse and model evaluation, safeguards and regulatory thresholds","Current definitions favour acute catastrophic harm and may miss cumulative autonomy loss, election effects and near misses","Necessity, proportionality, privacy, speech, competition, and access require context-specific review.",Reporting latency; incident and near-miss rate; taxonomy coverage; corrective-action closure time; recurrence,Research / hold,"Decision follows legal maturity, causal plausibility, reversibility and current evidence—not a composite score.",0–6 months,No direct link,Contextual capability link,2026-08-11,"Near misses are not automatically statutory serious incidents. Preserve the distinction in metrics, confidentiality and enforcement.",Serious-incident reporting plus a proposed manipulation near-miss register,M-02; M-06; M-12; M-14; M-16,,,CLM-0042; CLM-0043,CLM-0043,,CLM-0042,SRC-007,P01,false,false,false,false,,,Plausible hypothesis,research_preview
I-020,CF-020,P4-020,Independent systemic-risk executive and board accountability,Model / provider,Governance / assurance,corporate governance requirement,frontier developer boards and regulators,EU compliance practice; international recommendation,Voluntary / private,Partial / verify,Code commitment for signatories; not a standalone statutory governance duty,Partial / uneven,"Assign risk oversight to an executive independent of core capability and product functions, with documented escalation",commercial pressure → provider governance → release decision → public exposure → unchecked influence capability → concentrated power,Decisional; Relational; Collective / institutional,Normative proposal,None,Indirect / mixed,Plausible hypothesis,Reduces conflicts between model release incentives and manipulation-risk findings,Nominal independence without authority; information controlled by product teams; board capture,"Necessity, proportionality, privacy, speech, competition, and access require context-specific review.",Risk leader independence; veto and escalation use; unresolved safety objections; time and budget allocated to manipulation risk,Implement now,"Decision follows legal maturity, causal plausibility, reversibility and current evidence—not a composite score.",0–6 months,No direct link,Contextual capability link,2026-08-11,Executive and board governance is a GPAI Code commitment for signatories; broader corporate-governance duties remain a policy extension.,Independent systemic-risk executive and board accountability,M-05; M-14; M-15; M-16,,,CLM-0044; CLM-0045; CLM-0046,CLM-0046,CLM-0044,CLM-0045,SRC-004,,false,false,true,false,,,Plausible hypothesis,research_preview
I-021,CF-021,P4-021,Frontier-safety whistleblower protection,Model / provider,Governance / assurance,"employment law, anti-retaliation right and reporting hotline","California Attorney General, courts and frontier developers","California, United States",Binding,Applicable,implemented,Operational,"Protect employees reporting concealed risk, misleading safety claims or framework noncompliance and provide anonymous channels",internal risk knowledge → employee disclosure → regulator or board action → constrained unsafe release → reduced provider power asymmetry,Multiple / context-dependent,Legal / operational precedent,None,None — legal existence only,Established — legal status,Improves detection of suppressed evaluation failures and misleading public safety claims,California definition largely omits democratic manipulation; employees may lack evidence or still fear career harm,"Necessity, proportionality, privacy, speech, competition, and access require context-specific review.",Protected reports; substantiation rate; retaliation claims; time to investigation and remedy,Implement now,Enforce legal scope; measure implementation and rights costs separately from legal existence.,0–6 months,No direct link,Contextual capability link,2026-08-11,"A stronger version should expressly protect disclosure of harmful-manipulation eval failures, benchmark gaming and unsafe open-weight decisions.",Frontier-safety whistleblower protection,M-05; M-12; M-16,,,CLM-0047; CLM-0048; CLM-0049,CLM-0049,CLM-0047,CLM-0048,SRC-013,,false,false,false,false,,,Provisional — legal status not claim-checked,research_preview
I-022,CF-022,P4-022,Staged and differential model access,Model / provider,Policy / organizational control,deployment control and conditional licence,model provider under regulator oversight,EU compliance practice; international recommendation,Voluntary / private,Operational voluntary,implemented by some providers and recognised in EU Code,Pilot,"Begin with limited, vetted API access and expand only after monitoring; withhold downloadable weights where residual risk is unacceptable",capability → provider-controlled access → vetted operator → bounded influence vector → reduced scale of agency transfer,Multiple / context-dependent,Normative proposal,E0,None — mechanism or proposal only,Plausible hypothesis,"Preserves monitoring, rate limiting, intervention and withdrawal options while uncertainty is high",Entrenches closed providers; excludes researchers and smaller firms; abuse migrates to less controlled models,"Necessity, proportionality, privacy, speech, competition, and access require context-specific review.",Misuse rate by access tier; time to detect and suspend abuse; false-positive suspension rate; access concentration,Pilot,"Decision follows legal maturity, causal plausibility, reversibility and current evidence—not a composite score.",Pilot — 6–18 months,No direct link,Contextual capability link,2026-08-11,Part 1 demonstrates why API safeguards and downloadable or abliterated weights must be evaluated as different policy objects.,Staged access and release-modality governance,M-05; M-16,,G-05,CLM-0050; CLM-0051; CLM-0052,CLM-0052,CLM-0050,CLM-0051,SRC-004,P05,false,false,true,false,,,Plausible hypothesis,research_preview
I-023,CF-023,P4-023,Risk-tiered API identity and campaign-account verification,Model / provider,Technical standard / product control,"customer identification, due diligence and access condition",API and cloud providers with regulator oversight,international recommendation; US IaaS proposal provides precedent,Proposed,Proposed / pending,Proposed and unresolved; no final rule identified as of 2026-08-11,Design-ready,"Verify high-volume or high-risk customers, beneficial ownership and resellers; retain privacy-preserving attribution records",API capability → campaign or intermediary → high-volume generation → targeted electorate → adaptive manipulation → attributable operator,Evaluative,Normative proposal,None,Indirect / mixed,Plausible hypothesis,Raises the cost of anonymous industrial-scale abuse and improves incident investigation,Privacy and civil-liberties harm; exclusion; stolen identities; offshore providers; concentration advantages for incumbents,"Necessity, proportionality, privacy, speech, competition, and access require context-specific review.",Verified share of high-risk accounts; attribution rate; evasion rate; false rejection and privacy incidents,Research / hold,"Decision follows legal maturity, causal plausibility, reversibility and current evidence—not a composite score.",6–18 months,No direct link,Contextual capability link,2026-08-11,The EO 14110 large-AI-training component was affected by that Order's 2025 revocation. Do not code a current federal training-run reporting duty; the EO 13984 customer-identification basis remains unresolved without a final rule.,Risk-tiered API identity and campaign-account verification,M-10; M-15; M-16,C-06,G-07,CLM-0053; CLM-0054,CLM-0054,,CLM-0053,,,false,false,false,false,,,Plausible hypothesis,research_preview
I-024,CF-024,P4-024,Technical enforcement for Article 5-qualified manipulative practices,Model / provider,Enforcement,AI Act Article 5 prohibition plus provider implementation controls,"AI-system providers, market surveillance authorities and AI Office",EU,Binding,Applicable,Binding prohibition applicable; model- and service-layer implementation uneven,Operational,"Build classifiers, account controls, rate limits and escalation for uses that satisfy the Article 5 conjunctive test; do not encode a general prohibition on political persuasion.",model capability → political operator → deceptive or vulnerability-exploiting interaction → voter → significant harm and agency loss,Evaluative; Decisional,Legal / operational precedent,E1,None — legal existence only,Established — legal status,Connects abstract prohibition to detectable provider-side abuse patterns,Article 5 requires significant harm and causal conditions; legitimate persuasion and political speech may be overblocked,"Necessity, proportionality, privacy, speech, competition, and access require context-specific review.",Recall and precision on validated harmful-manipulation cases; evasion rate; appeals; repeat offenders,Enforce now,Enforce legal scope; measure implementation and rights costs separately from legal existence.,0–6 months,No direct link,Contextual capability link,2026-08-11,"Article 5 is practice- and harm-specific, not a general ban on political manipulation. Controls require contextual review and appeal.",Technical enforcement for Article 5-qualified manipulative practices,M-10; M-16,C-06,G-06; G-14,CLM-0055; CLM-0056; CLM-0057,CLM-0057,CLM-0055,CLM-0056,SRC-015; SRC-111,G0; P01,false,true,false,false,,,Established — legal status,research_preview
I-025,CF-022,P4-025,Release-modality safety case for open-weight models,Model / provider,Law / regulation,Policy proposal; AI Act Article 55 supplies systemic-risk duties but no ex ante open-weight licence,model provider and frontier regulator,EU baseline; international recommendation,Proposed,Proposed / pending,Not implemented as an EU release gate; systemic-risk duties can still apply,Pilot,"Pilot pre-release assessment and independent review based on capability, modifiability, reach, reversibility and residual risk before irreversible weight release.",frontier capability → weight publisher → unrestricted modifier → abliterated or fine-tuned model → scalable manipulation → irreversible agency transfer capacity,Evaluative; Relational,Normative proposal,E0,None — mechanism or proposal only,Plausible hypothesis,"Moves risk assessment before the point at which safeguards, monitoring and withdrawal become impossible","May suppress beneficial openness, competition and independent safety research; thresholds may favour incumbents","Necessity, proportionality, privacy, speech, competition, and access require context-specific review.",Risk margin at release; third-party findings; time spent in staged access; zero releases before required sign-off,Pilot,"Decision follows legal maturity, causal plausibility, reversibility and current evidence—not a composite score.",Pilot — 6–18 months,No direct link,Contextual capability link,2026-08-11,The EU does not require capability-based prior approval to publish open weights. Include research and competition safe harbours and measure incumbent-entrenchment effects.,Staged access and release-modality governance,M-02; M-05; M-16,,G-05,CLM-0058; CLM-0059,CLM-0059,,CLM-0058,SRC-007,P05,false,false,false,false,,,Plausible hypothesis,research_preview
I-026,CF-007,P4-026,Open-weight ecosystem monitoring and release registry,Model / provider,Governance / assurance,government monitoring programme and public registry,"national AI institutes, model repositories and research partners",United States recommendation; globally applicable,Voluntary / private,Operational voluntary,recommended by NTIA; fragmented implementation,Operational,"Maintain a registry of weight releases, derivatives, capability evaluations, licences, hashes and observed misuse or safeguard removal",weight release → distributed modifiers → derivative models → opaque deployment → public influence → reduced supervisory visibility,Collective / institutional,Normative proposal,E0,Indirect / mixed,Plausible hypothesis,Improves visibility without immediately prohibiting open-weight development,Incomplete offshore coverage; false confidence; registry may stigmatise benign research or aid model discovery,"Necessity, proportionality, privacy, speech, competition, and access require context-specific review.",Coverage of major releases and derivatives; registration lag; benchmark freshness; misuse linkage rate,Implement now,"Decision follows legal maturity, causal plausibility, reversibility and current evidence—not a composite score.",6–18 months,No direct link,Contextual capability link,2026-08-11,"Part 2 can seed this registry with dated OpenRouter and repository releases, parameter scale, APE, MASK and safeguard results.",Open-weight and election-window observability,M-02; M-12; M-14; M-16,,G-05; G-13,CLM-0060; CLM-0061; CLM-0062,CLM-0062,CLM-0060,CLM-0061,SRC-005,P05; P13,false,false,false,false,,,Plausible hypothesis,research_preview
I-027,CF-027,P4-027,Frontier model-weight cybersecurity standard,Model / provider,Technical standard / product control,mandatory cybersecurity controls and audit,"frontier developers, cloud providers and regulator",EU and California,Mixed,Applicable,Binding cybersecurity duty for GPAI with systemic risk; Code methods are voluntary; California scope is separate.,Operational,"Protect unreleased weights with least privilege, strong identity controls, hardened interfaces, encryption, confidential computing and exfiltration testing",frontier weights → theft or insider → uncontrolled deployment → malicious actor → scalable harmful capability → loss of provider control,Multiple / context-dependent,Legal / operational precedent,E0,None — legal existence only,Established — legal status,Reduces unauthorised conversion of controlled models into unmonitored or abliterated deployments,High cost; insider threats remain; controls become moot after public release,"Necessity, proportionality, privacy, speech, competition, and access require context-specific review.",Privileged-access count; red-team exfiltration success; time to revoke access; security incidents; control coverage,Enforce now,"Decision follows legal maturity, causal plausibility, reversibility and current evidence—not a composite score.",0–6 months,No direct link,Contextual capability link,2026-08-11,Part 1 shows the safety consequence of uncontrolled weights; the register should distinguish intentional open release from theft.,Frontier model-weight cybersecurity standard,M-02; M-05; M-06; M-16,,G-05,CLM-0063; CLM-0064; CLM-0065,CLM-0065,CLM-0063,CLM-0064,SRC-004,P01; P05,false,false,true,false,,,Provisional — legal status not claim-checked,research_preview
I-028,CF-028,P4-028,Mandatory downstream model documentation,Model / provider,Governance / assurance,technical documentation and information-sharing duty,GPAI provider and downstream system provider,EU,Binding,Applicable,implemented,Operational,"Provide integrators with current information on capabilities, limitations, intended uses, evaluation results and safeguard assumptions",provider knowledge → downstream integrator → assistant or agent design → user → hidden model limits → preventable agency transfer,Epistemic; Executive,Legal / operational precedent,E0,None — legal existence only,Established — legal status,"Lets downstream systems implement context-specific manipulation, memory and tool controls",Trade-secret redactions; documentation becomes stale; open-source exemption creates gaps,"Necessity, proportionality, privacy, speech, competition, and access require context-specific review.",Field completeness; update latency; downstream acknowledgement; integration incidents attributable to missing information,Enforce now,Enforce legal scope; measure implementation and rights costs separately from legal existence.,0–6 months,No direct link,Contextual capability link,2026-08-11,"APE, MASK and red-team limitations should appear in downstream documentation, including differences between API and downloadable variants.",Mandatory downstream model documentation,M-02; M-06; M-13; M-16,,G-05,CLM-0066; CLM-0067; CLM-0068,CLM-0068,CLM-0066,CLM-0067,SRC-007,P01; P05,false,false,false,false,,,Provisional — legal status not claim-checked,research_preview
I-029,CF-029,P4-029,Machine-readable provenance for synthetic outputs,Model / provider,Technical standard / product control,technical standard and transparency obligation,"generative-AI providers, deployers and standards bodies",EU and China,Binding,Applicable,implemented from 2026-08-02 in EU and 2025-09-01 in China,Operational,"Embed robust, interoperable and detectable markers in generated text, audio, image and video, with visible labels for covered content",generation capability → model provider → synthetic political content → public → mistaken authenticity → epistemic agency transfer,Epistemic; Collective / institutional,Legal / operational precedent,E0,None — legal existence only,Established — legal status,Improves attribution and detection of synthetic campaign material,"Metadata stripping, laundering, false labels and limited effect on truthful but manipulative dialogue","Necessity, proportionality, privacy, speech, competition, and access require context-specific review.",Marker detection and retention after transformations; false-positive rate; platform ingestion coverage,Enforce now,Enforce legal scope; measure implementation and rights costs separately from legal existence.,0–6 months,No direct link,Contextual capability link,2026-08-11,"This mitigates provenance, not the interactive agency-transfer mechanisms measured by APE or manipulation efficacy tests.",Synthetic-output provenance and disclosure,M-08; M-12; M-13; M-14; M-15,X-01,G-05; G-09,CLM-0069; CLM-0070; CLM-0071,CLM-0071,CLM-0069,CLM-0070,SRC-016,P01; P05; P09,false,false,false,false,,,Provisional — legal status not claim-checked,research_preview
I-030,CF-003,P4-030,"Agent identity, least privilege and high-impact confirmation",Model / provider,Technical standard / product control,"technical protocol, authorisation standard and deployment rule","NIST, standards bodies, agent providers and integrators",United States initiative; international recommendation,Voluntary / private,Operational voluntary,standards initiative implemented; controls under development,Operational,"Give agents verifiable identities, scoped permissions, short-lived credentials and mandatory human confirmation for consequential actions",agentic model → delegated tools → communication or account action → citizen or institution → autonomous influence → agency transfer,Executive; Collective / institutional,Project — exploratory,Project-X,Indirect / mixed,Plausible hypothesis,"Constrains agents from autonomously escalating persuasion campaigns, impersonating users or acting beyond delegated intent",Confirmation fatigue; compromised identities; standards fragmentation; agents may route around controls,"Necessity, proportionality, privacy, speech, competition, and access require context-specific review.",Unauthorised-action rate; permission scope; credential lifetime; confirmed versus automatic consequential actions,Implement now,"Decision follows legal maturity, causal plausibility, reversibility and current evidence—not a composite score.",0–6 months,Exploratory link,Contextual capability link,2026-08-11,"Part 1 agentic demonstrations should log every tool permission and human checkpoint, not only final text outputs.","Agent authorization, least privilege and action control",M-06; M-14; M-16,,G-03,CLM-0072; CLM-0073; CLM-0074,CLM-0074,CLM-0072,CLM-0073,SRC-002,P02,false,false,false,false,,,Plausible hypothesis,research_preview
I-031,CF-031,P4-031,Long-horizon agency and dependency monitoring,Model / provider,Research / evaluation,post-deployment human-factors monitoring and periodic impact study,"providers, independent researchers and regulators",international recommendation,Voluntary / private,Operational voluntary,recommended; methods nascent,Pilot,"Audit persistent memory, repeated recommendations, emotional cues, reliance and preference drift over extended interactions",memory and personalisation → assistant provider → repeated intimate interaction → user → dependency and preference shaping → cumulative agency transfer,Evaluative; Decisional; Executive; Relational,Normative proposal,E2,None — mechanism or proposal only,Plausible hypothesis,Targets the project’s central risk that manipulation becomes relational infrastructure rather than a single persuasive message,Intrusive observation; difficult causal inference; no settled agency metric; vulnerable users are hard to study ethically,"Necessity, proportionality, privacy, speech, competition, and access require context-specific review.","Preference and trust drift; reliance; reversal after disclosure; user control over memory; persistence after 7, 30 and 90 days",Pilot,"Decision follows legal maturity, causal plausibility, reversibility and current evidence—not a composite score.",Pilot — 6–18 months,No direct link,Contextual capability link,2026-08-11,APE is too short-horizon for this mechanism; Part 2 should explicitly mark it as a missing evaluation layer rather than overclaim coverage.,Long-horizon agency and dependency monitoring,M-03; M-04; M-05; M-09; M-12,D-01,G-01; G-04; G-06; G-10; G-12; G-16,CLM-0075; CLM-0076; CLM-0077,CLM-0077,CLM-0075,CLM-0076,SRC-017,P03; P10,false,false,false,false,,,Plausible hypothesis,research_preview
I-032,CF-032,P4-032,Threshold-triggered notification for GPAI systemic-risk classification,Model / provider,Governance / assurance,mandatory compute reporting,GPAI provider and AI Office,EU,Binding — limited scope,Applicable,Article 52 notification is threshold-triggered; no general advance notification of training runs.,Operational,Notify the Commission without delay and within two weeks when Article 51 high-impact capability is met or expected to be met; do not treat this as general pre-training notification.,planned capability scale-up → developer → regulator notice → early evaluation → deployment constraints before public exposure,Collective / institutional,Legal / operational precedent,None,None — legal existence only,Established — legal status,Gives regulators time to commission manipulation and agentic testing before launch,Compute is an imperfect proxy; efficiency gains and distributed training can evade thresholds; reporting burden,"Necessity, proportionality, privacy, speech, competition, and access require context-specific review.",Notification compliance; lead time before release; unreported threshold crossings; capability per FLOP,Enforce now,Enforce legal scope; measure implementation and rights costs separately from legal existence.,0–6 months,No direct link,Contextual capability link,2026-08-11,Part 2 should show why notification must trigger capability testing rather than treating compute itself as manipulation evidence.,Threshold-triggered notification for GPAI systemic-risk classification,M-14; M-15; M-16,,,CLM-0078; CLM-0079; CLM-0080,CLM-0080,CLM-0078,CLM-0079,SRC-007; SRC-111,P01,false,true,false,false,,,Established — legal status,research_preview
I-033,CF-033,P4-033,"Regulator model-access, evaluation, mitigation and recall powers",Model / provider,Research / evaluation,supervisory and market-enforcement power,European AI Office,EU,Binding,Applicable,implemented,Operational,"Allow the regulator to demand information, run evaluations, order mitigations and withdraw or recall a non-compliant model",provider-controlled evidence → independent regulator → enforceable finding → release or access change → reduced public exposure,Epistemic; Relational; Collective / institutional,Legal / operational precedent,None,None — legal existence only,Established — legal status,Turns safety reports and manipulation evaluations into potentially consequential oversight,Limited technical capacity; slow enforcement; confidentiality; recall is ineffective after open-weight proliferation,"Necessity, proportionality, privacy, speech, competition, and access require context-specific review.",Access latency; regulator evaluations; mitigation orders; compliance time; recall effectiveness,Enforce now,Enforce legal scope; measure implementation and rights costs separately from legal existence.,0–6 months,No direct link,Contextual capability link,2026-08-11,"The project can propose APE, MASK and election red-team suites as concrete tests available to the AI Office or national institutes.","Regulator model-access, evaluation, mitigation and recall powers",M-02; M-05; M-12; M-13; M-14,,G-13,CLM-0081; CLM-0082; CLM-0083,CLM-0083,CLM-0081,CLM-0082,SRC-007,G0; P01,false,false,false,false,,,Provisional — legal status not claim-checked,research_preview
I-034,CF-098,P4-034,Certified AI management system as procurement or licensing condition,Model / provider,Procurement,"ISO certification, procurement clause or licence condition","public procurers, regulators and accredited certification bodies",international recommendation,Voluntary / private,Operational voluntary,standard implemented; mandatory use recommended selectively,Operational,"Require an independently audited AI management system with risk ownership, lifecycle controls, monitoring and continual improvement",provider organisation → governance processes → model lifecycle → downstream public systems → reduced unmanaged influence risk,Relational; Collective / institutional,Normative proposal,None,Indirect / mixed,Plausible hypothesis,Provides auditable organisational infrastructure for repeated evaluation and incident response,Process certification does not prove model safety; audit shopping; cost barriers for smaller providers,"Necessity, proportionality, privacy, speech, competition, and access require context-specific review.",Certification coverage; major nonconformities; corrective-action closure; manipulation-specific control maturity,Implement now,"Decision follows legal maturity, causal plausibility, reversibility and current evidence—not a composite score.",0–6 months,No direct link,Contextual capability link,2026-08-11,"Certification should require evidence from the project’s tests; ISO compliance alone cannot substitute for APE, MASK or adversarial evaluation.","Public-sector AI registers, impact assessment and procurement",M-05; M-12; M-14; M-16,S-01,G-11,CLM-0084; CLM-0085; CLM-0086,CLM-0086,CLM-0084,CLM-0085,SRC-018,P11,false,false,false,false,,,Plausible hypothesis,research_preview
I-035,CF-035,P4-035,Democracy and agency impact assessment,Model / provider,Governance / assurance,rights-and-democracy impact assessment with stakeholder engagement,"states, providers, public authorities and independent assessors",Council of Europe parties and EU,Non-binding official guidance,Operational voluntary,HUDERIA is non-binding; CETS 225 is not yet in force.,Pilot,"Assess scale, scope, likelihood, reversibility and stakeholder impacts on autonomy, opinion formation and democratic processes",model and deployment design → controlling actor → influence environment → affected publics → agency transfer → democratic concentration,Collective / institutional,Legal / operational precedent,None,None — mechanism or proposal only,Plausible hypothesis,Captures autonomy and democratic harms omitted by catastrophic-risk frameworks,High-level principles; private-sector scope varies; self-assessment and weak remedies,"Necessity, proportionality, privacy, speech, competition, and access require context-specific review.",Assessments completed; stakeholder inclusion; high-risk findings; mitigation closure; residual democratic risk,Pilot,"Decision follows legal maturity, causal plausibility, reversibility and current evidence—not a composite score.",Pilot — 6–18 months,No direct link,Contextual capability link,2026-08-11,Use the project’s causal chain and agency-transfer construct to make HUDERIA operational for frontier-model manipulation.,"Rights, democracy and agency impact assessment",M-14; M-15; M-16,S-01,G-01; G-11; G-12; G-14,CLM-0087; CLM-0088; CLM-0089,CLM-0089,CLM-0087,CLM-0088,SRC-019,G0,false,false,true,false,,,Plausible hypothesis,research_preview
I-036,CF-036,P4-036,International frontier-risk reporting framework,Model / provider,Governance / assurance,international code and reporting template,"OECD, G7 governments and advanced-AI developers",international,Voluntary / private,Operational voluntary,implemented,Operational,"Standardise voluntary disclosures on risk identification, evaluation, incident management, security and transparency across providers",cross-border providers → comparable reporting → regulator and public scrutiny → convergent controls → reduced jurisdictional arbitrage,Collective / institutional,Normative proposal,None,Indirect / mixed,Plausible hypothesis,Creates comparable evidence across providers and jurisdictions without waiting for a global treaty,"Self-reporting, selective disclosure, inconsistent interpretation and no sanction for poor performance","Necessity, proportionality, privacy, speech, competition, and access require context-specific review.",Provider participation; field completeness; independent verification; manipulation-domain coverage; year-on-year improvement,Implement now,"Decision follows legal maturity, causal plausibility, reversibility and current evidence—not a composite score.",0–6 months,No direct link,Contextual capability link,2026-08-11,"Add standard fields for APE, MASK, harmful-manipulation efficacy, open-weight modality and adversarial safeguard performance.",International frontier-risk reporting framework,M-12; M-14; M-16,,,CLM-0090; CLM-0091; CLM-0092,CLM-0092,CLM-0090,CLM-0091,SRC-020,,false,false,false,false,,,Plausible hypothesis,research_preview
I-037,CF-037,P4-037,Security assessment and algorithm filing for socially mobilising generative AI,Model / provider,Governance / assurance,"administrative filing, security assessment and inspection",Cyberspace Administration of China and sector regulators,China,Binding,Applicable,implemented,Operational,"Require security assessment, algorithm filing and regulatory cooperation for services with public-opinion or social-mobilisation capacity",generative capability → service provider → mass communication → population → opinion mobilisation → state-supervised deployment,Collective / institutional,Legal / operational precedent,None,None — legal existence only,Established — legal status,Demonstrates a direct model-service trigger based on influence and mobilisation capability,Can enable political censorship and state control rather than democratic agency; opaque assessment criteria,"Necessity, proportionality, privacy, speech, competition, and access require context-specific review.",Services assessed and filed; review time; enforcement actions; transparency and appeal availability,Monitor / shape,Enforce legal scope; measure implementation and rights costs separately from legal existence.,0–6 months,No direct link,Contextual capability link,2026-08-11,"Useful as a structural precedent, not a normative model: democratic safeguards must prevent the intervention itself becoming concentrated manipulation power.",Security assessment and algorithm filing for socially mobilising generative AI,M-14; M-16,,,CLM-0093; CLM-0094; CLM-0095,CLM-0095,CLM-0093,CLM-0094,SRC-021,,false,false,false,false,,,Provisional — legal status not claim-checked,research_preview
I-038,CF-038,P4-038,Enhanced review of cloud–frontier-model partnerships,Model / provider,Enforcement,"merger review, market investigation and antitrust enforcement",competition authorities,"United States, EU and allied jurisdictions",Binding,Applicable,implemented case-by-case,Operational,"Scrutinise equity, exclusivity, control, information sharing, compute commitments and preferential distribution in AI partnerships",compute and capital concentration → cloud–model alliance → model and distribution control → dependent firms and publics → concentrated epistemic power,Epistemic; Relational; Collective / institutional,Legal / operational precedent,None,None — legal existence only,Established — legal status,"Limits vertical structures that concentrate compute, models, distribution and safety evidence in the same actors",Partnerships also finance expensive models and safeguards; uncertain market definition; remedies may arrive late,"Necessity, proportionality, privacy, speech, competition, and access require context-specific review.",Exclusivity clauses; compute concentration; switching costs; model distribution share; merger remedies,Monitor / shape,Enforce legal scope; measure implementation and rights costs separately from legal existence.,0–6 months,No direct link,Contextual capability link,2026-08-11,"Part 2 capability concentration should be read alongside ownership and cloud dependence, not merely as a model leaderboard.",AI market concentration and structural oversight,M-02; M-05; M-09; M-13; M-14,S-01,,CLM-0096; CLM-0097; CLM-0098,CLM-0098,CLM-0096,CLM-0097,SRC-022,P12,false,false,false,false,,,Provisional — legal status not claim-checked,research_preview
I-039,CF-039,P4-039,"Model and cloud portability, interoperability and anti-lock-in rules",Model / provider,Procurement,"competition remedy, interoperability standard and procurement requirement","competition authorities, public procurers and standards bodies",EU and international recommendation,Proposed,Proposed / pending,Case-specific competition and procurement powers provide precedents; no general binding model-and-cloud portability duty is established by the cited policy brief.,Design-ready,"Reduce egress barriers, support model switching and multi-provider interfaces, and prevent self-preferencing or coercive tying",platform dependency → dominant provider → default model and assistant → organisations and citizens → infrastructural reliance → agency concentration,Relational; Collective / institutional,Normative proposal,None,Indirect / mixed,Plausible hypothesis,"Preserves contestability and reduces dependence on one provider’s model, safeguards and epistemic defaults",Interoperability can increase attack surfaces and lowest-common-denominator safety; technical quality differs,"Necessity, proportionality, privacy, speech, competition, and access require context-specific review.",Migration time and cost; egress charges; multi-homing rate; interface compatibility; market concentration,Monitor / shape,"Decision follows legal maturity, causal plausibility, reversibility and current evidence—not a composite score.",6–18 months,No direct link,Contextual capability link,2026-08-11,"Open weights can improve contestability, but Part 1 shows why competition benefits cannot erase release-risk differences.","Interoperability, portability and exit",M-05; M-13; M-14; M-15; M-16,S-01,G-10; G-11,CLM-0099; CLM-0100,CLM-0100,,CLM-0099,SRC-023,P12,false,false,false,false,,,Plausible hypothesis,research_preview
I-040,CF-040,P4-040,Public-interest compute for independent evaluation and safer alternatives,Model / provider,Research / evaluation,public infrastructure and competitive grant allocation,"governments, universities and AI safety institutes",California precedent; international recommendation,Voluntary / private,Operational voluntary,CalCompute planning mandated; other public programmes operational,Operational,"Fund public compute capacity for evaluators, academia, civil society and public-interest model development",compute concentration → limited independent evidence → provider dominance → weak oversight → concentrated model and epistemic power,Epistemic; Relational; Collective / institutional,Normative proposal,None,Indirect / mixed,Plausible hypothesis,"Makes external APE, MASK, agentic and open-weight evaluation technically feasible and supports plural model supply","Political allocation, duplication, security exposure, insufficient scale and capture by incumbents","Necessity, proportionality, privacy, speech, competition, and access require context-specific review.",Independent evaluator GPU hours; models evaluated; organisations served; replication rate; cost per evaluation,Implement now,"Decision follows legal maturity, causal plausibility, reversibility and current evidence—not a composite score.",0–6 months,No direct link,Contextual capability link,2026-08-11,"This is the infrastructure needed to keep the Part 1–2 evaluation suite independent, persistent and runnable as new open models appear.",Public-interest compute and AI infrastructure,M-05; M-12; M-13; M-14; M-15,S-01,G-11; G-13,CLM-0101; CLM-0102; CLM-0103,CLM-0103,CLM-0101,CLM-0102,SRC-013,P12; P13,false,false,false,false,,,Plausible hypothesis,research_preview
I-041,CF-046,P4-041,Open benchmark commons and standardised public evaluation registry,Model / provider,Research / evaluation,"public evaluation platform, registry and reporting standard","AISI, NIST, academia and independent evaluators",international,Voluntary / private,Operational voluntary,partially implemented,Pilot,"Publish versioned evaluation code, model metadata, scoring specifications, uncertainty and reproducible release-level results",opaque provider testing → public benchmark infrastructure → comparable evidence → procurement and regulatory decisions → reduced information asymmetry,Epistemic; Decisional; Collective / institutional,Normative proposal,E0,None — mechanism or proposal only,Plausible hypothesis,"Makes capability and safeguard trends independently auditable across closed, open and modified models","Benchmark gaming, contamination, evaluator monoculture and publication of dangerous artefacts","Necessity, proportionality, privacy, speech, competition, and access require context-specific review.",Release coverage; reproducibility; benchmark freshness; private holdout share; inter-evaluator agreement,Pilot,"Decision follows legal maturity, causal plausibility, reversibility and current evidence—not a composite score.",Pilot — 6–18 months,No direct link,Contextual capability link,2026-08-11,"The project should package APE, MASK and election red-team tasks as versioned Inspect-compatible evals while keeping dangerous cases access-controlled.",Independent evaluation and researcher access,M-12; M-13; M-14; M-16,D-01,G-06; G-12; G-13,CLM-0104; CLM-0105; CLM-0106,CLM-0106,CLM-0104,CLM-0105,SRC-024,P13,false,false,false,false,,,Plausible hypothesis,research_preview
I-042,CF-042,P4-042; P4-085,Election-specific systemic-risk assessment and mitigation for very large platforms and search engines,Platform / distribution,Law / regulation,Digital Services Act Articles 34-35 plus Commission election guidelines,VLOPs and VLOSEs; supervised by the European Commission and Digital Services Coordinators,European Union,Binding,Applicable,In force; guidelines are the current compliance benchmark,Operational,"Require VLOPs and VLOSEs to assess election-specific risks from service design, ranking, advertising, generative AI, coordinated manipulation and local context; deploy mitigations before the electoral period, maintain an incident mechanism and publish a post-election review.","AI-enabled campaign or state actor → platform design and ranking → voter exposure and salience → belief, attention or trust change → agency transfer to campaign and platform → concentrated agenda-setting → electoral distortion.",Epistemic; Attentional; Evaluative; Decisional; Relational; Collective / institutional,Legal / operational precedent,None,None — legal existence only,Established — legal status,"Moves governance upstream from takedowns to product design, staffing, language coverage, recommender controls and election readiness.",Covers only designated very large services; relies heavily on platform self-assessment; lacks common outcome benchmarks; can become process compliance without reducing exposure or agency loss.,"Necessity, proportionality, privacy, speech, competition, and access require context-specific review.",Risk and mitigation coverage by vector and language; prevalence and reach of violating content; recommendation-driven exposure; incident time-to-detection and time-to-mitigation; post-election residual risk; audit findings.,Enforce now,Enforce legal scope; measure implementation and rights costs separately from legal existence.,0–6 months,No direct link,No direct link,2026-08-11,The duties bind VLOPs/VLOSEs. The election guidelines interpret and operationalise those duties but are not a standalone law.,Platform election-risk assessment and implementation,M-05; M-09; M-10; M-12; M-13,C-01; C-02; C-05; C-06,G-07; G-12,CLM-0107; CLM-0108; CLM-0109,CLM-0109,CLM-0107,CLM-0108,SRC-003; SRC-053,P06,false,false,false,false,,,Provisional — legal status not claim-checked,research_preview
I-043,CF-043,P4-043,Recommender-system transparency for online platforms,Platform / distribution,Governance / assurance,Digital Services Act Articles 27 and 38,Online platforms and VLOPs; enforced by Digital Services Coordinators and the European Commission,European Union,Binding,Applicable,DSA Article 27 recommender transparency for online platforms; the Article 38 non-profiling option is separated into I-084.,Operational,Disclose in clear language the main recommender parameters and users' options to modify or influence them under DSA Article 27. The non-profiling option is coded separately under I-084.,Platform optimisation → personalised feed → repeated political exposure → attention and preference shaping → agency transfer to platform → concentrated control of the decision environment.,Epistemic; Attentional; Evaluative; Decisional; Relational,Legal / operational precedent,None,None — legal existence only,Established — legal status,Creates an exit from inferred-vulnerability targeting and gives users some control over how political attention is allocated.,Non-profiled does not mean neutral or safe; platforms can nudge users toward the default; transparency may be too abstract; chronological feeds can still be gamed by coordinated networks.,"Necessity, proportionality, privacy, speech, competition, and access require context-specific review.",Default versus alternative feed prominence; opt-in and persistence rates; political-content concentration and source diversity; exposure inequality; user comprehension; differential manipulation prevalence by feed mode.,Enforce now,Enforce legal scope; measure implementation and rights costs separately from legal existence.,0–6 months,No direct link,No direct link,2026-08-11,,Recommender-system transparency for online platforms,M-03; M-05; M-09; M-10; M-12,C-01; C-05; C-06,G-12,CLM-0110; CLM-0111; CLM-0112,CLM-0112,CLM-0110,CLM-0111,SRC-025,P06,false,true,false,false,,,Established — legal status,research_preview
I-044,CF-044,P4-044; P4-083,Ban on manipulative interface design and dark patterns,Cross-layer,Law / regulation,Digital Services Act Article 25,Online platforms; national Digital Services Coordinators,European Union,Binding,Applicable,In force,Operational,"Prohibit online-platform interfaces that deceive, manipulate, or materially distort users' ability to make free and informed decisions.",Platform or campaign-controlled interface → deceptive choice architecture → reduced reflection or coerced disclosure → behavioural or dependency change → agency transfer → platform power concentration.,Evaluative; Decisional; Relational; Collective / institutional,Legal / operational precedent,E1,Direct component evidence,Established — component effect,"Targets the decision environment itself rather than only false content, making it directly relevant to agency transfer.","Boundary between persuasion and manipulation is context-sensitive; enforcement may focus on commercial UX and miss political onboarding, consent flows, notification pressure or agent defaults.","Necessity, proportionality, privacy, speech, competition, and access require context-specific review.","Completion and consent asymmetries; reversal or opt-out friction; comprehension; dark-pattern findings; changes in data disclosure, feed settings and political-notification acceptance.",Enforce now,Enforce legal scope; measure implementation and rights costs separately from legal existence.,0–6 months,No direct link,No direct link,2026-08-11,,Dark patterns and unfair personalization,M-05; M-06; M-14; M-15; M-16,C-01; C-06,G-12,CLM-0113; CLM-0114; CLM-0115,CLM-0115,CLM-0113,CLM-0114,SRC-025; SRC-026,P06,false,true,false,true,Partially supported with different evidence,Rewrite endpoint,Provisional — effect evidence not claim-checked,research_preview
I-045,CF-045,P4-045,Online-platform ad transparency and sensitive-data targeting limits,Platform / distribution,Law / regulation,Digital Services Act Articles 26 and 39,Online platforms and VLOPs,European Union,Binding,Applicable,DSA Article 26 ad transparency and sensitive-data targeting limits for online platforms; Article 39 repositories are VLOP/VLOSE-only.,Operational,"Identify advertisements and sponsors, disclose key targeting parameters, and prohibit ad profiling using special-category data under DSA Article 26. The DSA Article 39 repository is VLOP/VLOSE-only; the broader political-ad repository is coded under P4-049.",Campaign or proxy → opaque paid targeting → selected vulnerable voter → preference or turnout change → agency transfer to campaign and ad platform → unequal political power.,Evaluative; Decisional; Collective / institutional,Legal / operational precedent,None,None — legal existence only,Established — legal status,Makes paid influence more observable and reduces direct use of sensitive traits for personalised persuasion.,"Issue ads, influencers and organic coordination may evade classification; inferred proxies can reproduce sensitive targeting; repositories can be incomplete or hard to query.","Necessity, proportionality, privacy, speech, competition, and access require context-specific review.",Ad coverage and missingness; sponsor verification; targeting-field completeness; repository latency; spend and reach by audience; rate of proxy-sensitive segments; researcher usability.,Enforce now,Enforce legal scope; measure implementation and rights costs separately from legal existence.,0–6 months,No direct link,No direct link,2026-08-11,,"Political-ad transparency, targeting and repositories",M-03; M-09; M-14; M-16,C-01; C-05; C-06,G-07; G-12,CLM-0116; CLM-0117; CLM-0118,CLM-0118,CLM-0116,CLM-0117,SRC-025,P06; P07,false,true,false,false,,,Established — legal status,research_preview
I-046,CF-046,P4-046; P4-093,Vetted researcher access to non-public platform data,Institutional / structural,Research / evaluation,Digital Services Act Article 40 and 2025 delegated act on data access,"Digital Services Coordinators, European Commission, VLOPs/VLOSEs and vetted researchers",European Union,Binding — limited scope,Applicable,"Conditional Article 40 data access for designated VLOPs/VLOSEs, subject to reasoned requests and safeguards.",Operational,"Allow qualified independent researchers to request necessary VLOP and VLOSE data to identify systemic risks and evaluate mitigation, through Digital Services Coordinator vetting and a common portal.","Opaque platform data → weak external detection → unchecked optimisation and influence → hidden agency transfer; researcher access interrupts this by making exposure, coordination and mitigation auditable.",Relational; Collective / institutional,Legal / operational precedent,None,None — legal existence only,Established — legal status,"Enables measurement of recommender exposure, cross-account coordination and whether safeguards work, closing the central evidence gap in Part 3.",Slow approvals can miss elections; privacy and trade-secret objections can narrow datasets; qualified-researcher criteria exclude journalists and smaller civil society groups; platform data schemas can frustrate replication.,"Necessity, proportionality, privacy, speech, competition, and access require context-specific review.",Application and approval times; request scope granted; dataset completeness; reproducibility; number of election studies; disclosure disputes; time from finding to mitigation or enforcement.,Enforce now,Enforce legal scope; measure implementation and rights costs separately from legal existence.,0–6 months,No direct link,No direct link,2026-08-11,,Independent evaluation and researcher access,M-05; M-12; M-14; M-16,C-01; C-06,G-12; G-13,CLM-0119; CLM-0120; CLM-0121,CLM-0121,CLM-0119,CLM-0120,SRC-027; SRC-059,P06; P13,false,false,false,false,,,Provisional — legal status not claim-checked,research_preview
I-047,CF-047,P4-047,Annual independent audits of systemic-risk and code commitments,Cross-layer,Governance / assurance,Digital Services Act Article 37 and Article 45 code framework,"Independent audit organisations, platforms and European Commission",European Union,Mixed,Applicable,In force; Code commitments auditable from 2025-07-01,Operational,"Require annual independent audits of VLOP/VLOSE compliance, including risk controls and, for adherents, auditable Code of Conduct on Disinformation commitments.",Platform self-governance → unverified safeguards → persistent manipulation capacity → agency transfer; external assurance raises the cost of superficial controls.,Epistemic; Evaluative; Relational,Legal / operational precedent,None,None — legal existence only,Established — legal status,Creates recurring scrutiny of whether claimed election safeguards are implemented and effective.,"Auditor dependence, narrow assurance scopes, confidential evidence, lagging annual cadence and checklist behaviour can conceal election-period failures.","Necessity, proportionality, privacy, speech, competition, and access require context-specific review.",Qualified and adverse findings; remediation closure time; repeat findings; audit coverage of local languages and recommenders; public disclosure quality; enforcement following audit failures.,Enforce now,"Decision follows legal maturity, causal plausibility, reversibility and current evidence—not a composite score.",0–6 months,No direct link,No direct link,2026-08-11,Annual Article 37 audits are binding for covered services; joining the Article 45 Code remains voluntary.,Annual independent audits of systemic-risk and code commitments,M-02; M-04; M-05; M-12; M-13,C-01,,CLM-0122; CLM-0123; CLM-0124,CLM-0124,CLM-0122,CLM-0123,SRC-028; SRC-086,P06,false,false,false,false,,,Provisional — legal status not claim-checked,research_preview
I-048,CF-042,P4-048,"Pre-election stress tests, readiness dialogues and regulator election toolkits",Cross-layer,Coordination / incident response,DSA Elections Toolkit and voluntary readiness exercises under the Article 35 framework,"European Commission, Digital Services Coordinators, national election authorities, platforms and civil society","EU and partner countries, including Moldova",Voluntary / private,Operational voluntary,Operational best practice; used in EU elections and Moldova,Operational,"Run scenario exercises with platforms, election bodies, regulators, security actors and civil society; test escalation paths, local-language capacity and platform responses before voting.",Emerging AI-enabled incident → fragmented detection and authority → delayed response → rapid belief or turnout effects → temporary agency seizure; stress tests pre-wire coordination.,Epistemic; Executive; Collective / institutional,Normative proposal,None,Indirect / mixed,Plausible hypothesis,"Reduces coordination latency and exposes gaps before a late-breaking deepfake, coordinated network or false voting claim appears.",Scripted exercises may not test adversarial evasion; voluntary platform participation; threat scenarios can become stale; unclear thresholds for public attribution or takedown.,"Necessity, proportionality, privacy, speech, competition, and access require context-specific review.",Exercise gap closure; escalation and decision times; contact availability; platform response consistency; red-team success rate; coverage of private messaging and small platforms.,Implement now,"Decision follows legal maturity, causal plausibility, reversibility and current evidence—not a composite score.",0–6 months,No direct link,No direct link,2026-08-11,,Platform election-risk assessment and implementation,M-12; M-13; M-14; M-16,C-01; C-02; C-05,G-12,CLM-0125; CLM-0126; CLM-0127,CLM-0127,CLM-0125,CLM-0126,SRC-029,P06,false,false,false,false,,,Plausible hypothesis,research_preview
I-049,CF-045,P4-049,"Mandatory labels, sponsor notices and an EU repository for political advertising",Platform / distribution,Law / regulation,"Regulation (EU) 2024/900, especially Articles 11-15","Sponsors, political-ad service providers, publishers, national competent authorities and European Commission",European Union,Binding,Applicable,Applicable since 2025-10-10,Operational,"Require each paid or targeted political ad to be labelled and linked to a notice naming the sponsor, election, remuneration, spend and targeting; transmit online ads to a European repository and accelerate complaint handling near elections.",Sponsor or proxy → covert paid communication → voter → hidden persuasion → agency transfer to sponsor → concentrated political influence; disclosure restores source contestability.,Epistemic; Evaluative; Decisional; Collective / institutional,Legal / operational precedent,None,None — legal existence only,Established — legal status,"Makes who paid, how much and why a voter was reached visible to voters, regulators and researchers.","Platforms may exit political advertising, shifting influence to organic creators, messaging apps and foreign intermediaries; sponsor declarations can be false; repository implementation can lag.","Necessity, proportionality, privacy, speech, competition, and access require context-specific review.",Share of ads with complete notices; sponsor-verification failures; repository latency; notification resolution within 48 hours in the final month; undisclosed paid influence detected outside formal ads.,Enforce now,Enforce legal scope; measure implementation and rights costs separately from legal existence.,6–18 months,No direct link,No direct link,2026-08-11,,"Political-ad transparency, targeting and repositories",M-03; M-09; M-11; M-13; M-14,C-06,G-07; G-14,CLM-0128; CLM-0129; CLM-0130,CLM-0130,CLM-0128,CLM-0129,SRC-030,P07,false,true,false,false,,,Established — legal status,research_preview
I-050,CF-045,P4-050,Restrict personal-data political-ad targeting and prohibit special-category profiling,Platform / distribution,Governance / assurance,Regulation (EU) 2024/900 Articles 18-19,"Campaigns, controllers, ad-tech providers, publishers and data protection authorities",European Union,Binding,Applicable,Regulation 2024/900 restricts personal-data political targeting and prohibits special-category profiling; it is not a blanket microtargeting ban.,Operational,Permit personal-data-based political targeting only when data were collected from the person and separate explicit consent was obtained; prohibit profiling using special-category data and targeting known near-voting-age minors.,Campaign data broker → vulnerability inference and microtargeting → individual voter → tailored pressure or preference shaping → agency transfer to campaign → asymmetric democratic power.,Evaluative; Decisional; Collective / institutional,Legal / operational precedent,None,None — legal existence only,Established — legal status,Cuts the Cambridge Analytica pathway from intimate or political data to personalised influence without meaningful voter consent.,Contextual and lookalike targeting can act as proxies; consent fatigue and bundled interfaces undermine autonomy; political actors can move targeting in-house or into messaging lists.,"Necessity, proportionality, privacy, speech, competition, and access require context-specific review.",Valid-consent rate; use of inferred proxies; audience-segment size; sensitive-data violations; targeting explanations understood; proportion of political reach occurring outside regulated advertising.,Enforce now,Enforce legal scope; measure implementation and rights costs separately from legal existence.,6–18 months,No direct link,No direct link,2026-08-11,,"Political-ad transparency, targeting and repositories",M-03; M-09; M-11; M-14; M-16,C-06,G-07; G-14,CLM-0131; CLM-0132; CLM-0133,CLM-0133,CLM-0131,CLM-0132,SRC-030; SRC-031,P07,false,true,false,false,,,Established — legal status,research_preview
I-051,CF-045,P4-051,Three-month pre-election ban on political-ad services for third-country sponsors,Platform / distribution,Law / regulation,Regulation (EU) 2024/900,"Political-ad service providers, publishers and competent national authorities",European Union,Binding,Applicable,Applicable since 2025-10-10,Operational,Prohibit political advertising services for sponsors outside the EU during the three months before an election or referendum in a Member State.,Foreign state or proxy → paid distribution → domestic electorate → agenda or trust change → agency transfer abroad → external concentration of electoral influence.,Evaluative; Relational; Collective / institutional,Legal / operational precedent,None,None — legal existence only,Established — legal status,Raises the cost of overt foreign paid influence during the highest-risk period.,"Shell entities, domestic agents, influencers, issue advertising and unpaid coordinated content can evade sponsor-location rules; a three-month window misses long-horizon preference shaping.","Necessity, proportionality, privacy, speech, competition, and access require context-specific review.",Rejected third-country purchases; beneficial-owner verification; proxy sponsorship cases; foreign-linked organic reach; spending displacement before the window.,Enforce now,Enforce legal scope; measure implementation and rights costs separately from legal existence.,6–18 months,No direct link,No direct link,2026-08-11,,"Political-ad transparency, targeting and repositories",M-03; M-05; M-06; M-09; M-10,C-06,G-07; G-14,CLM-0134; CLM-0135; CLM-0136,CLM-0136,CLM-0134,CLM-0135,SRC-030; SRC-031,P07,false,true,false,false,,,Established — legal status,research_preview
I-052,CF-029,P4-052,Machine-readable marking of AI-generated content and visible deepfake disclosure,Platform / distribution,Law / regulation,EU AI Act Article 50 and Code of Practice on Transparency of AI-generated Content,AI providers and deployers; market-surveillance authorities and AI Office,European Union,Binding,Applicable,Binding Article 50 duties from 2026-08-02; voluntary code is an implementation route. Limited transition to 2026-12-02 for Article 50(2) pre-existing generators.,Operational,Require providers to mark synthetic outputs in machine-readable form and deployers to disclose deepfakes and certain AI-generated public-interest text; use an EU code and common icons to standardise compliance.,Generative model or campaign → synthetic impersonation → voter → false source belief or trust shock → agency transfer to fabricator → electoral harm; provenance and disclosure restore source knowledge.,Epistemic; Decisional; Relational; Collective / institutional,Legal / operational precedent,None,None — legal existence only,Established — legal status,Supports cross-platform detection and visible disclosure of synthetic candidate or election content.,Metadata can be stripped; open models and foreign actors may not comply; absence of a mark is not proof of authenticity; labels can create disclosure fatigue or a liar's dividend.,"Necessity, proportionality, privacy, speech, competition, and access require context-specific review.",Marking coverage by provider and modality; persistence after editing and re-upload; detector precision and recall; label visibility and comprehension; share of viral synthetic incidents carrying valid provenance.,Enforce now,Enforce legal scope; measure implementation and rights costs separately from legal existence.,Applicable now; limited transition to 2026-12-02,No direct link,No direct link,2026-08-11,,Synthetic-output provenance and disclosure,M-05; M-08; M-09; M-13; M-14,C-03; C-04; C-05; X-01,G-09; G-12; G-14,CLM-0137; CLM-0138; CLM-0139,CLM-0139,CLM-0137,CLM-0138,SRC-016; SRC-111,P01; P09,false,true,false,false,,,Established — legal status,research_preview
I-053,CF-053,P4-053,"Auditable platform commitments on demonetisation, bots, fake accounts, impersonation, deepfakes and recommender integrity",Platform / distribution,Governance / assurance,EU Code of Conduct on Disinformation integrated under DSA Article 45,"Adhering platforms, search engines, advertising actors, fact-checkers and civil society; overseen by Commission and Digital Services Board",European Union,Voluntary / private,Operational voluntary,Integrated into DSA framework in 2025; commitments auditable since 2025-07-01; first co-regulatory reports published 2026-03-24,Operational,"Commit signatories to cut disinformation revenue, label and archive political ads, detect fake accounts and bot amplification, address impersonation and malicious deepfakes, support fact-checkers, improve recommender transparency and report service-level indicators.",Malicious actor → coordinated accounts and monetised amplification → platform audience → repeated exposure and trust erosion → agency transfer to network controller → concentrated narrative power.,Epistemic; Attentional; Relational,Normative proposal,None,Indirect / mixed,Plausible hypothesis,Targets distribution infrastructure and coordinated behaviour rather than adjudicating every political claim.,"Selective commitments, inconsistent enforcement, opaque prevalence denominators, migration to non-signatories and difficulty separating authentic mobilisation from coordination.","Necessity, proportionality, privacy, speech, competition, and access require context-specific review.",CIB networks disrupted; fake-account prevalence; coordinated reach before removal; demonetised revenue; recommender exposure reduction; language coverage; independent audit exceptions.,Implement now,"Decision follows legal maturity, causal plausibility, reversibility and current evidence—not a composite score.",6–18 months,No direct link,No direct link,2026-08-11,,"Auditable platform commitments on demonetisation, bots, fake accounts, impersonation, deepfakes and recommender integrity",M-03; M-05; M-08; M-09; M-10,C-01; C-02; C-05; C-06,,CLM-0140; CLM-0141; CLM-0142,CLM-0142,CLM-0140,CLM-0141,SRC-032,P06,false,false,false,false,,,Plausible hypothesis,research_preview
I-054,CF-054,P4-054,Time-bound election Rapid Response System for platform escalation,Cross-layer,Coordination / incident response,Code of Conduct on Disinformation election cooperation and Rapid Response System,"EDMO, fact-checkers, civil society signatories and participating platforms",European Union and election-specific deployments,Voluntary / private,Operational voluntary,Operational since the 2024 European Parliament election and reused in later elections,Operational,"Allow authorised non-platform signatories, fact-checkers and civil society to rapidly flag severe, time-sensitive content, accounts or trends and discuss response with platforms under their policies.","Late-breaking synthetic or coordinated incident → rapid spread → no time for ordinary review → belief, turnout or legitimacy shock → temporary agency transfer; an escalation lane compresses response time.",Epistemic; Collective / institutional,Normative proposal,None,Indirect / mixed,Plausible hypothesis,"Creates a trusted, fast channel for the final hours when ordinary notice systems are too slow.",Platform policy still controls action; privileged flaggers may miss local or minority-language incidents; false positives and government pressure can chill speech; no common service-level obligation.,"Necessity, proportionality, privacy, speech, competition, and access require context-specific review.","Acknowledgement and disposition time; reach accrued before action; escalation acceptance rate; false-positive and appeal outcomes; coverage by country, language, platform and modality.",Implement now,"Decision follows legal maturity, causal plausibility, reversibility and current evidence—not a composite score.",0–6 months,No direct link,No direct link,2026-08-11,,Election rapid response and escalation,M-08; M-10; M-12; M-13; M-14,C-01; C-02; C-05,G-08; G-12,CLM-0143; CLM-0144; CLM-0145,CLM-0145,CLM-0143,CLM-0144,SRC-033,P06; P13,false,false,false,false,,,Plausible hypothesis,research_preview
I-055,CF-055,P4-055,European Centre for Democratic Resilience and reinforced election coordination,Institutional / structural,Coordination / incident response,European Democracy Shield institutional mechanism,"European Commission, participating Member States, candidate countries, EU bodies and stakeholder platform",European Union and participating candidate countries,Voluntary / private,Operational voluntary,Launched 2026-02-24; operational design still maturing,Operational,"Pool Member State, EU and civil-society expertise to anticipate, detect and respond to FIMI and disinformation; connect election networks, DSA data access, political-ad data and operational response.",Cross-border actor → fragmented national signals → delayed attribution and response → accumulating trust and agenda effects → agency transfer to hostile actor; pooled awareness reverses the asymmetry.,Epistemic; Relational; Collective / institutional,Normative proposal,None,Indirect / mixed,Plausible hypothesis,Addresses cross-platform and cross-border coordination gaps and can turn dispersed signals into a common operational picture.,"Mandate overlap, politicised attribution, intelligence-to-public-evidence gaps, centralisation without accountability and slow information sharing.","Necessity, proportionality, privacy, speech, competition, and access require context-specific review.",Shared alerts and lead time; Member State participation; joint analyses; cross-platform incident resolution; public attribution quality; exercise and after-action improvements.,Monitor / shape,"Decision follows legal maturity, causal plausibility, reversibility and current evidence—not a composite score.",0–6 months,No direct link,No direct link,2026-08-11,,European Centre for Democratic Resilience and reinforced election coordination,M-05; M-10; M-12; M-13; M-14,C-01; C-02,,CLM-0146; CLM-0147; CLM-0148,CLM-0148,CLM-0146,CLM-0147,SRC-034,P13,false,false,false,false,,,Plausible hypothesis,research_preview
I-056,CF-056,P4-056,Mandatory digital imprints on paid political material and specified organic campaign material,Electoral operations,Law / regulation,Elections Act 2022 Part 6 and Electoral Commission statutory guidance,"Campaigners, candidates, parties, police and Electoral Commission",United Kingdom,Binding,Applicable,In force since November 2023; guidance updated in 2026,Operational,"Require covered digital material, including social posts, online ads, podcasts and publicly distributed messaging-app content, to state who promoted and on whose behalf it was published.",Campaign or third party → unattributed digital communication → voter → mistaken source trust → agency transfer to hidden promoter → opaque political power.,Epistemic; Decisional; Relational; Collective / institutional,Legal / operational precedent,None,None — legal existence only,Established — legal status,Preserves contestability by letting voters and regulators identify the responsible campaign actor.,"Organic material by unregistered actors has gaps; private messages and cross-border actors are hard to enforce; an imprint does not disclose targeting, spend, AI use or beneficial funder.","Necessity, proportionality, privacy, speech, competition, and access require context-specific review.",Imprint compliance and readability; promoter traceability; enforcement cases; unattributed reach; cross-platform persistence; proportion of campaign communication outside scope.,Enforce now,Enforce legal scope; measure implementation and rights costs separately from legal existence.,0–6 months,No direct link,No direct link,2026-08-11,,Mandatory digital imprints on paid political material and specified organic campaign material,M-03; M-05; M-11; M-13; M-14,C-06,G-07,CLM-0149; CLM-0150; CLM-0151,CLM-0151,CLM-0149,CLM-0150,SRC-035,P07,false,false,false,false,,,Provisional — legal status not claim-checked,research_preview
I-057,CF-057,P4-057,Systemic platform duties for criminal foreign-interference content,Cross-layer,Law / regulation,National Security Act 2023 plus Online Safety Act 2023,"Online services and Ofcom, with police and national-security bodies",United Kingdom,Binding,Applicable,Illegal-content duties in force from 2025-03-17,Operational,"Treat the National Security Act foreign-interference offence as a priority offence, requiring in-scope services to assess risk, prevent users encountering illegal material and minimise its availability; Ofcom can impose major fines and disruption measures.","Foreign power or proxy → covert online conduct → UK voters and institutions → trust, behaviour or legitimacy change → agency transfer abroad → democratic harm.",Decisional; Relational; Collective / institutional,Legal / operational precedent,None,None — legal existence only,Established — legal status,Creates a systemic duty to act on covert hostile-state operations rather than relying only on voluntary moderation.,Most domestic misinformation and lawful manipulative persuasion remain outside scope; attribution to a foreign power is difficult; encryption and cross-border evidence constrain action; overreach risks political surveillance.,"Necessity, proportionality, privacy, speech, competition, and access require context-specific review.",Foreign-interference risk assessments; detected networks; time-to-disruption; Ofcom enforcement; successful prosecutions; reach before removal; false attribution and appeal outcomes.,Enforce now,Enforce legal scope; measure implementation and rights costs separately from legal existence.,0–6 months,No direct link,No direct link,2026-08-11,,Systemic platform duties for criminal foreign-interference content,M-05; M-09; M-12; M-14; M-16,,G-08,CLM-0152; CLM-0153; CLM-0154,CLM-0154,CLM-0152,CLM-0153,SRC-036,,false,false,false,false,,,Provisional — legal status not claim-checked,research_preview
I-058,CF-058,P4-058,Election-authority deepfake detection and impact-monitoring pilot,Cross-layer,Law / regulation,Electoral Commission operational pilot with the Home Office Accelerated Capability Environment,"UK Electoral Commission and ACE, with parties, candidates, platforms and police",Great Britain,Voluntary / private,Pilot,Pilot ran around the May 2026 elections; full findings due autumn 2026,Pilot,"Monitor online audio and video for false candidate depictions or election-process claims, track reach, coordinate corrections or requested takedowns, and refer serious content to police or other bodies.",AI generator → candidate or authority impersonation → voter → false belief or suppressed participation → agency transfer to fabricator; detection and authoritative correction interrupt spread.,Epistemic; Decisional; Collective / institutional,Normative proposal,E0,None — mechanism or proposal only,Plausible hypothesis,Gives the election authority an early-warning picture and a route to authenticate candidate or process claims.,Detectors are brittle and can generate false positives; monitoring may miss closed messaging and low-resource languages; requests lack compulsory force; public alarms can amplify a fake.,"Necessity, proportionality, privacy, speech, competition, and access require context-specific review.",Precision and recall against adjudicated samples; time-to-detection; reach before correction; candidate response time; correction penetration; referrals and platform outcomes.,Pilot,"Decision follows legal maturity, causal plausibility, reversibility and current evidence—not a composite score.",Pilot — 6–18 months,No direct link,No direct link,2026-08-11,,Election-authority deepfake detection and impact-monitoring pilot,M-08; M-09; M-11; M-13; M-14,C-03; C-04; X-01,G-09; G-12; G-13,CLM-0155; CLM-0156; CLM-0157,CLM-0157,CLM-0155,CLM-0156,SRC-037,P09,false,false,false,false,,,Plausible hypothesis,research_preview
I-059,CF-045,P4-059,Statutory political-ad libraries and regulator/researcher access to platform exposure data,Cross-layer,Research / evaluation,Electoral Commission reform recommendation,"Would require UK Parliament or government, platforms, Electoral Commission, Ofcom and ICO",United Kingdom,Proposed,Proposed / pending,Proposed; not a general statutory requirement as of 2026-08-11,Design-ready,"Require every platform carrying political ads to maintain a comprehensive library with sponsor, targeting, actual reach and spend, and create meaningful data access for regulators and independent researchers.",Opaque platform ads and ranking → unobservable targeting and amplification → voter influence → agency transfer → no accountability; access makes the pathway measurable.,Attentional; Evaluative; Decisional; Relational,Normative proposal,None,Indirect / mixed,Plausible hypothesis,"Would close the UK's reliance on voluntary, inconsistent libraries and make algorithmic political reach auditable.",Privacy and trade-secret limits; platform exit from ads; organic influence remains hidden; data can arrive too late for election response.,"Necessity, proportionality, privacy, speech, competition, and access require context-specific review.",Platform coverage; field completeness; API availability; actual versus reported reach; researcher access times; detected foreign or unlawful spending.,Research / hold,"Decision follows legal maturity, causal plausibility, reversibility and current evidence—not a composite score.",6–18 months,No direct link,No direct link,2026-08-11,,"Political-ad transparency, targeting and repositories",M-03; M-05; M-09; M-12; M-14,C-06,G-07,CLM-0158; CLM-0159,CLM-0159,,CLM-0158,SRC-038,P07,false,false,false,false,,,Plausible hypothesis,research_preview
I-060,CF-052,P4-060,Treat AI-cloned voices in robocalls as artificial voices requiring consent,Cross-layer,Policy / organizational control,FCC Declaratory Ruling under the TCPA,"FCC, state attorneys general and telecom providers",United States,Binding,Applicable,In force; applied in the New Hampshire robocall matter,Operational,"Apply TCPA consent and identification rules to AI-generated or cloned voices classified as artificial or prerecorded voices, subject to statutory exemptions.",Campaign operative → cloned candidate voice → mass calls → false instruction or turnout suppression → agency transfer to caller → electoral harm.,Multiple / context-dependent,Legal / operational precedent,None,None — legal existence only,Established — legal status,Uses mature robocall law to impose consent and enforcement costs on a high-risk impersonation vector.,"Caller-ID spoofing, offshore operators, peer-to-peer messages and non-voice synthetic content can evade; consent exceptions and enforcement latency remain.","Necessity, proportionality, privacy, speech, competition, and access require context-specific review.",Complaint volume; blocked calls; trace-back success; time-to-enforcement; penalties collected; repeat offending; estimated voter reach.,Enforce now,Enforce legal scope; measure implementation and rights costs separately from legal existence.,0–6 months,No direct link,No direct link,2026-08-11,This is not a ban on every AI political message: prior express consent and exemptions depend on call purpose and context.,Synthetic impersonation and authenticity controls,M-05; M-08; M-16,C-03; X-01,,CLM-0160; CLM-0161; CLM-0162,CLM-0162,CLM-0160,CLM-0161,SRC-039,P09,false,false,false,false,,,Provisional — legal status not claim-checked,research_preview
I-061,CF-052,P4-061,Apply federal fraudulent-misrepresentation rules to AI that falsely claims campaign authority,Electoral operations,Law / regulation,FEC interpretive rule under 52 U.S.C. §30124 and 11 C.F.R. §110.16,Federal Election Commission,United States federal elections,Binding,Partial / verify,Interpretive rule adopted; broader AI rulemaking declined in 2024,Partial / uneven,"Clarify that existing law can cover AI communications where a candidate or agent falsely purports to speak, act or fundraise on behalf of another candidate or party; it does not generally prohibit false depictions with a truthful disclaimer.",Candidate or agent → AI impersonation of rival campaign authority → voter or donor → source deception → agency transfer to impersonator → electoral or financial harm.,Epistemic; Decisional; Executive,Legal / operational precedent,None,None — legal existence only,Established — legal status,Protects authentic campaign authority and donations from a limited class of AI impersonation.,"Leaves most candidate deepfakes, lies, issue ads and third-party content outside the rule; FEC deadlock and slow enforcement reduce real-time value.","Necessity, proportionality, privacy, speech, competition, and access require context-specific review.",Complaints and matters under review; time to disposition; proven authority impersonations; voter or donor losses; repeat incidents.,Monitor / shape,"Decision follows legal maturity, causal plausibility, reversibility and current evidence—not a composite score.",0–6 months,No direct link,Contextual capability link,2026-08-11,The FEC interpretation covers two narrow fraudulent-misrepresentation settings involving purported campaign authority; it is not a federal deepfake ban.,Synthetic impersonation and authenticity controls,M-06; M-08; M-13; M-16,C-03; X-01,,CLM-0163; CLM-0164; CLM-0165,CLM-0165,CLM-0163,CLM-0164,SRC-040,P09,false,false,false,false,,,Provisional — legal status not claim-checked,research_preview
I-062,CF-052,P4-062,On-air and political-file disclosure of AI-generated content in broadcast political ads,Platform / distribution,Law / regulation,"FCC Notice of Proposed Rulemaking, proceeding 24-211","Would be implemented by FCC-regulated broadcasters, cable and satellite entities",United States,Proposed,Proposed / pending,Proposed in 2024; no final rule identified as of 2026-08-11,Design-ready,Require radio and television political ads using AI-generated content to carry an on-air notice and a written disclosure in the station's political file.,Campaign → synthetic broadcast ad → mass audience → false authenticity belief → agency transfer to advertiser → electoral influence.,Epistemic; Evaluative,Normative proposal,None,Indirect / mixed,Plausible hypothesis,Would make synthetic content visible in legacy mass media and create an inspectable record.,FCC jurisdiction largely excludes online and streaming ads; broad definitions may over-label routine editing; disclosure may not neutralise deception.,"Necessity, proportionality, privacy, speech, competition, and access require context-specific review.","If adopted: disclosure compliance, political-file completeness, audience comprehension, complaints and cross-channel coverage gaps.",Research / hold,"Decision follows legal maturity, causal plausibility, reversibility and current evidence—not a composite score.",6–18 months,No direct link,No direct link,2026-08-11,The NPRM concerns radio and television political ads and political-file disclosure; it is not a final rule or a cross-platform online standard.,Synthetic impersonation and authenticity controls,M-03; M-08; M-09; M-13; M-16,C-03; X-01,,CLM-0166; CLM-0167,CLM-0167,,CLM-0166,,P09,false,false,false,false,,,Plausible hypothesis,research_preview
I-063,CF-052,P4-063,Platform duty to remove or label materially deceptive election deepfakes during a defined election window,Platform / distribution,Law / regulation,"California Defending Democracy from Deepfake Deception Act, AB 2655",Large platforms and California enforcement authorities,"California, United States",Binding — limited scope,Contested / enjoined,California AB 2655 was enacted but permanently enjoined as applied to the successful plaintiffs; appeal remained pending in 2026.,Partial / uneven,"California AB 2655 required large platforms to block specified deceptive election content or label it, provide reporting channels and respond within short timeframes.",AI creator → viral candidate or election deepfake → voter → false belief → agency transfer to creator → electoral harm; platform action attempts to stop distribution.,Epistemic; Decisional; Collective / institutional,Legal / operational precedent,None,Indirect / mixed,Established — legal status,The intended effect was rapid reduction of deceptive synthetic reach; the actual contribution is a warning that broad platform-liability designs can collapse under intermediary-liability and speech law.,"Over-removal of satire and political speech, vague deception thresholds, prior-restraint concerns, Section 230 pre-emption and strategic reporting abuse.","Necessity, proportionality, privacy, speech, competition, and access require context-specific review.","If redesigned: adjudicated precision, removal latency, restored-content rate, satire/parody false positives, reach prevented, litigation survival.",Monitor / shape,"Decision follows legal maturity, causal plausibility, reversibility and current evidence—not a composite score.",6–18 months,No direct link,No direct link,2026-08-11,,Synthetic impersonation and authenticity controls,M-08; M-09; M-13; M-14; M-16,C-03; C-04; X-01,G-09; G-14,CLM-0168; CLM-0169; CLM-0320,CLM-0169,CLM-0320,CLM-0168,SRC-042,P09,false,false,false,false,,,Provisional — legal status not claim-checked,research_preview
I-064,CF-029,P4-064,End-to-end cryptographic provenance and interoperable Content Credentials,Platform / distribution,Technical standard / product control,"C2PA technical standard, complemented by NIST synthetic-content guidance","Model providers, camera and editing vendors, newsrooms, campaigns and platforms","Global, voluntary technical ecosystem",Voluntary / private,Operational voluntary,C2PA 2.2 published May 2025; adoption expanding but incomplete,Operational,"Bind signed assertions about origin and edit history to media, preserve or recover credentials across transformations, and display provenance at consumption.",Creator or model → media asset → platform and voter → uncertainty about source and edits → exploitable trust asymmetry; provenance restores verifiable history and contestability.,Epistemic; Decisional; Relational,Normative proposal,None,Indirect / mixed,Plausible hypothesis,"Authenticates known-good media and carries origin information across the supply chain, stronger than unreliable deepfake detection alone.","Credential stripping, screenshots, unsigned legacy content, compromised signing keys, uneven adoption and the false inference that uncredentialed means fake.","Necessity, proportionality, privacy, speech, competition, and access require context-specific review.","Signing adoption by model, newsroom and campaign; credential survival across platforms; validation success; key compromise rate; user recognition; coverage of viral election media.",Implement now,"Decision follows legal maturity, causal plausibility, reversibility and current evidence—not a composite score.",6–18 months,No direct link,No direct link,2026-08-11,,Synthetic-output provenance and disclosure,M-05; M-08; M-09; M-13; M-15,C-03; C-04; X-01,G-09; G-12,CLM-0170; CLM-0171; CLM-0172,CLM-0172,CLM-0170,CLM-0171,SRC-043,P09,false,false,false,false,,,Plausible hypothesis,research_preview
I-065,CF-065,P4-065,Election-specific human-rights risk assessment for digital platforms,Platform / distribution,Governance / assurance,UNESCO Guidelines for the Governance of Digital Platforms,"States, independent regulators and digital platforms",Global normative framework,Voluntary / private,Operational voluntary,Published and being used in implementation initiatives,Operational,"Require or encourage platforms to perform an election-cycle risk assessment, engage election administrators and civil society, assess design changes and take enhanced measures during elections and crises.",Platform product decision → altered amplification or access → electoral public → rights and agency effects → power concentration; assessment inserts rights review before deployment.,Attentional; Decisional; Collective / institutional,Normative proposal,None,Indirect / mixed,Plausible hypothesis,Offers a rights-based baseline for countries without a DSA-style regime and frames elections as a heightened-risk period.,"Soft-law compliance, regulator dependence, government capture and limited remedies; generic assessments may miss local languages, messaging apps and AI agents.","Necessity, proportionality, privacy, speech, competition, and access require context-specific review.",Publication and independence of assessments; stakeholder participation; mitigation closure; rights indicators; local-language coverage; post-election evaluation.,Implement now,"Decision follows legal maturity, causal plausibility, reversibility and current evidence—not a composite score.",6–18 months,No direct link,No direct link,2026-08-11,,Human-rights and democratic-risk assessment,M-05; M-06; M-09; M-11; M-14,C-02; C-06,G-06; G-07; G-12; G-14,CLM-0173; CLM-0174; CLM-0175,CLM-0175,CLM-0173,CLM-0174,SRC-044,G0; P13,false,false,false,false,,,Plausible hypothesis,research_preview
I-066,CF-066,P4-066,Political-party code for ethical digital campaigning and AI use,Electoral operations,Policy / organizational control,International IDEA Code of Conduct for the 2024 European Parliament Elections,"Political parties, with election bodies and civil-society monitoring",European and adaptable globally,Voluntary / private,Partial / verify,Signed by European political parties in 2024; model available for national adaptation,Partial / uneven,"Secure public commitments by parties not to create, use or disseminate deceptive synthetic content or manipulative campaign techniques, to label AI use, protect cybersecurity and disclose campaign practices.",Party or campaign → AI-enabled content or targeting → electorate → preference or trust change → agency transfer to campaign → electoral advantage; party commitments constrain the controller directly.,Evaluative; Relational; Collective / institutional,Normative proposal,None,Indirect / mixed,Plausible hypothesis,Reaches party behaviour that platform rules cannot fully observe and establishes a public norm against agency-undermining tactics.,"No enforcement, selective sign-up, third-party proxies, vague AI definitions and incentives to defect in close races.","Necessity, proportionality, privacy, speech, competition, and access require context-specific review.",Party coverage; disclosed AI uses; independently verified violations; corrective action; proxy spending; voter awareness of commitments.,Implement now,"Decision follows legal maturity, causal plausibility, reversibility and current evidence—not a composite score.",6–18 months,No direct link,Contextual capability link,2026-08-11,,Political-party code for ethical digital campaigning and AI use,M-03; M-05; M-08; M-14; M-16,C-02; C-06; X-01,G-07; G-14,CLM-0176; CLM-0177; CLM-0178,CLM-0178,CLM-0176,CLM-0177,SRC-045,P13,false,false,false,false,,,Plausible hypothesis,research_preview
I-067,CF-067,P4-067,Forwarding limits and forwarded-message friction in encrypted messaging,Cross-layer,Policy / organizational control,WhatsApp product policy and rate limits,WhatsApp/Meta,Global,Voluntary / private,Operational voluntary,Operational,Operational,"Limit forwarding to five chats and restrict already or highly forwarded messages to one chat at a time, while attaching forwarded labels.",Campaign network → encrypted mass forwarding → trusted peer groups → belief and mobilisation change → agency transfer to network organiser → concentrated hidden reach.,Epistemic; Attentional; Relational,Normative proposal,E1,Field / operational component evidence,Established — component effect,Adds cost and time to viral distribution without breaking end-to-end encryption or reading message content.,"Automation, many accounts, broadcast lists, groups, paid senders and copy-paste evade forwarding limits; legitimate civic information is also slowed; metadata enforcement can raise privacy concerns.","Necessity, proportionality, privacy, speech, competition, and access require context-specific review.",Reproduction number and diffusion depth; time to reach thresholds; highly-forwarded share; coordinated sender clusters; user reports; false and true content reach differential.,Implement now,Low-regret component with bounded evidence; monitor transfer and rights costs.,0–6 months,No direct link,No direct link,2026-08-11,,Messaging friction and mass-contact constraints,M-05; M-10; M-11; M-13; M-15,C-02,G-08; G-12,CLM-0179; CLM-0180; CLM-0181,CLM-0181,CLM-0179,CLM-0180,SRC-046,P13,false,false,false,true,Partially supported,Narrow and downgrade,Provisional — effect evidence not claim-checked,research_preview
I-068,CF-068,P4-068,Technique-based prebunking and election media literacy,Societal resilience,Information / resilience,"Public information campaign, curriculum or platform-delivered inoculation videos","Election authorities, educators, media, civil society and platforms",Global; adapted in EU election campaigns,Voluntary / private,Partial / verify,Field-tested and deployed; not universally institutionalised,Partial / uneven,"Expose voters in advance to short examples of manipulation techniques such as emotional manipulation, false dichotomies, scapegoating, incoherence and impersonation so they recognise tactics before encountering campaign content.",Manipulative content → voter cognitive vulnerability → belief or sharing change → agency transfer to persuader; prebunking strengthens reflective recognition before exposure.,Epistemic; Evaluative; Decisional; Collective / institutional,External empirical,E1,Field / operational component evidence,Established — component effect,Targets manipulation mechanisms rather than partisan truth adjudication and therefore better preserves pluralism and reflective agency.,"Effects decay, short clips may not transfer to novel AI tactics, motivated reasoning persists, blanket scepticism can erode trust, and campaigns may not reach the most exposed groups.","Necessity, proportionality, privacy, speech, competition, and access require context-specific review.","Pre-registered discernment and sharing outcomes; retention at 1, 4 and 12 weeks; exposure and completion; heterogeneous effects; trust calibration; actual sharing behaviour.",Implement now,Low-regret component with bounded evidence; monitor transfer and rights costs.,6–18 months,No direct link,No direct link,2026-08-11,,Technique-based prebunking and election media literacy,M-03; M-08; M-13; M-14; M-16,C-02; C-06,G-06; G-12,CLM-0182; CLM-0183; CLM-0184,CLM-0184,CLM-0182,CLM-0183,SRC-047,P13,false,false,false,true,Partially supported,Narrow endpoint,Provisional — effect evidence not claim-checked,research_preview
I-069,CF-069,P4-069,"Platform political-ad authorisation, archive, AI disclosure and final-week ad freeze",Platform / distribution,Policy / organizational control,Meta advertising policies and election procedures,Meta,Global disclosure policy with election-specific variations; final-week freeze used in the United States,Voluntary / private,Operational voluntary,Operational for 2026 US midterms; EU political ads discontinued by Meta in October 2025,Operational,"Verify political advertisers, archive ads, require self-disclosure for realistic AI-created or altered political ads, add labels and bar new US political ads during the final week when rebuttal time is short.",Advertiser → paid microtargeted synthetic ad → selected voter → deceptive belief with little rebuttal time → agency transfer to advertiser and platform → electoral harm.,Epistemic; Evaluative; Decisional,Normative proposal,None,Indirect / mixed,Plausible hypothesis,Raises source accountability and reduces last-minute paid deception on Meta services.,"Self-disclosure under-detection; old ads can continue during the freeze; organic posts, influencers and messaging remain; platform can change policy unilaterally; EU exit displaces rather than resolves influence.","Necessity, proportionality, privacy, speech, competition, and access require context-specific review.",Advertiser-verification failures; AI disclosure recall and classifier catch rate; ad-library completeness; rejected final-week ads; reach shifted to organic or off-platform channels.,Implement now,"Decision follows legal maturity, causal plausibility, reversibility and current evidence—not a composite score.",0–6 months,No direct link,Contextual capability link,2026-08-11,,"Platform political-ad authorisation, archive, AI disclosure and final-week ad freeze",M-03; M-08; M-09; M-11; M-13,C-05; C-06; X-01,G-07,CLM-0185; CLM-0186; CLM-0187,CLM-0187,CLM-0185,CLM-0186,SRC-048,P07,false,false,false,false,,,Plausible hypothesis,research_preview
I-070,CF-029,P4-070,"Explicit, prominent and accessible disclosure of synthetic election content and the technology used",Platform / distribution,Law / regulation,TSE Resolution 23.610/2019 Article 9-B as amended by Resolutions 23.732/2024 and 23.755/2026,"Candidates, parties, federations, coalitions and internet platforms; enforced by Electoral Justice",Brazil,Binding,Applicable,Binding for the 2026 general election; campaign starts 2026-08-16,Operational,"Require election propaganda containing significantly AI-generated or altered text, audio, image or video to disclose fabrication or manipulation in a modality-specific form, including audio notices, watermark and audio description.",Campaign or supporter → synthetic political content → voter → mistaken authenticity → belief or preference change → agency transfer to content controller → electoral advantage.,Epistemic; Evaluative; Decisional; Collective / institutional,Legal / operational precedent,None,None — legal existence only,Established — legal status,Preserves source awareness without banning benign uses of AI and creates a clear enforcement hook.,"Manual non-compliance, re-uploads without labels, ambiguous significant alteration, disclosure fatigue and confusion between AI use and harmful manipulation.","Necessity, proportionality, privacy, speech, competition, and access require context-specific review.",Disclosure compliance by modality; label persistence; voter comprehension; removal and fine counts; false-positive exemptions; reach before correction.,Enforce now,Enforce legal scope; measure implementation and rights costs separately from legal existence.,6–18 months,No direct link,Contextual capability link,2026-08-11,,Synthetic-output provenance and disclosure,M-03; M-08; M-09; M-12; M-13,C-03; C-04; C-05; X-01,G-09,CLM-0188; CLM-0189; CLM-0190,CLM-0190,CLM-0188,CLM-0189,SRC-006; SRC-049,P08; P09,false,true,false,false,,,Established — legal status,research_preview
I-071,CF-052,P4-071,Ban on electoral deepfakes used to favour or harm a candidacy,Platform / distribution,Law / regulation,TSE Resolution 23.610 Article 9-C,"Campaigns, Electoral Public Prosecutor, Electoral Justice and platforms",Brazil,Binding,Applicable,In force for 2026,Operational,"Prohibit synthetic audio or video that creates, substitutes or alters the image or voice of a real, deceased or fictional person to favour or harm a candidacy, even with authorisation; violations can constitute abuse of power and misuse of media.",Campaign or proxy → deepfake → electorate → false candidate belief or reputational shock → agency transfer to fabricator → distorted electoral choice.,Epistemic; Decisional,Legal / operational precedent,None,None — legal existence only,Established — legal status,Directly targets candidate impersonation with consequences stronger than a label.,"Definition and satire boundaries, strategic litigation, over-removal, slow adjudication relative to virality and migration to anonymous foreign accounts.","Necessity, proportionality, privacy, speech, competition, and access require context-specific review.",Detected and adjudicated deepfakes; time-to-order and removal; reach; sanction consistency; appeal reversals; satire or news false positives.,Enforce now,Enforce legal scope; measure implementation and rights costs separately from legal existence.,0–6 months,No direct link,No direct link,2026-08-11,,Synthetic impersonation and authenticity controls,M-08; M-09; M-13; M-16,C-04; C-05; X-01,G-09,CLM-0191; CLM-0192; CLM-0193,CLM-0193,CLM-0191,CLM-0192,SRC-049,P08; P09,false,true,false,false,,,Established — legal status,research_preview
I-072,CF-072,P4-072,Ban on chatbots or avatars simulating conversation with a candidate or real person,Electoral operations,Law / regulation,TSE Resolution 23.610 Article 9-B paragraph 3,"Campaigns, parties, AI-service providers and Electoral Justice",Brazil,Binding,Applicable,In force for 2026,Operational,"Permit campaign chatbots, avatars and synthetic intermediaries only with disclosure and prohibit simulation of direct interlocution with a candidate or another real person.","Campaign-controlled agent → simulated candidate intimacy → voter → trust, dependency or preference change → agency transfer to campaign → concentrated relational influence.",Evaluative; Decisional; Executive; Relational,Legal / operational precedent,None,None — legal existence only,Established — legal status,Prevents campaigns from manufacturing false personal relationships or apparent direct candidate commitments at scale.,Bots can imply intimacy without literal impersonation; weak disclosure in long conversations; foreign tools and private messaging are hard to observe; overly broad enforcement could block accessibility uses.,"Necessity, proportionality, privacy, speech, competition, and access require context-specific review.",Bot registration and disclosure compliance; impersonation test pass rate; conversation-level label persistence; complaints; voter source comprehension; private-channel coverage.,Enforce now,Enforce legal scope; measure implementation and rights costs separately from legal existence.,0–6 months,No direct link,No direct link,2026-08-11,,Ban on chatbots or avatars simulating conversation with a candidate or real person,M-03; M-05; M-06; M-08; M-10,C-04; C-05; X-01,,CLM-0194; CLM-0195; CLM-0196,CLM-0196,CLM-0194,CLM-0195,SRC-049,P08; P09,false,true,false,false,,,Established — legal status,research_preview
I-073,CF-052,P4-073,72-hour pre-vote and 24-hour post-vote blackout for new synthetic candidate or public-figure content,Platform / distribution,Law / regulation,"TSE Resolution 23.610 Article 9-B paragraph 3-A, added by Resolution 23.755/2026","Publishers, users, campaigns, platforms and Electoral Justice",Brazil,Binding,Applicable,New and binding for the 4 October 2026 first round and possible 25 October second round,Operational,"Prohibit publication, republication and paid boosting of new AI-generated or altered content using a candidate's or public figure's image, voice or manifestation during the defined window, even if labelled.",Late synthetic release → high-velocity platforms → voters with no rebuttal time → belief or turnout shock → temporary agency capture → electoral or legitimacy harm.,Epistemic; Decisional; Collective / institutional,Legal / operational precedent,None,None — legal existence only,Established — legal status,"Creates a quiet period for the exact late-breaker mechanism seen in Slovakia, Ireland and Buenos Aires.","Very broad restraint on lawful speech, satire and journalism; re-publication detection at scale is difficult; adversaries can release just before the window or through foreign and encrypted channels.","Necessity, proportionality, privacy, speech, competition, and access require context-specific review.",Window violations; time-to-removal; reach accrued; pre-window displacement; appeal and restoration rate; impact on legitimate political media; cross-platform evasion.,Enforce now,Enforce legal scope; measure implementation and rights costs separately from legal existence.,6–18 months,No direct link,Contextual capability link,2026-08-11,,Synthetic impersonation and authenticity controls,M-08; M-09; M-11; M-13; M-14,C-04; C-05; X-01,G-09,CLM-0197; CLM-0198; CLM-0199,CLM-0199,CLM-0197,CLM-0198,SRC-049; SRC-050,P08; P09,false,true,false,false,,,Established — legal status,research_preview
I-074,CF-074,P4-074,Electoral anti-favoritism rule for covered AI systems,Agent / deployment,Law / regulation,"TSE Resolution 23.610 Article 28 paragraph 1-C, added by Resolution 23.755/2026",Providers of internet applications offering AI systems; Electoral Justice,Brazil,Binding — limited scope,Applicable,Brazilian electoral anti-favoritism rule for covered AI systems; not comprehensive neutrality.,Operational,"Prohibit covered AI systems from ranking, recommending or prioritizing electoral actors, expressing electoral preference, recommending a vote, or directly or indirectly favoring or disfavoring them.",AI provider or model controller → assistant answer or ranking → voter delegation and trust → voting preference or decision → agency transfer to AI controller → extreme concentration of electoral influence.,Attentional; Evaluative; Decisional; Relational; Collective / institutional,Legal / operational precedent,None,None — legal existence only,Established — legal status,"Directly targets agency transfer through assistants and recommendation, going beyond content labels and ad transparency.",Overbroad neutrality can suppress legitimate comparative information; hidden bias can persist without explicit recommendations; defining indirect favour is difficult; foreign and open-source assistants may be unreachable.,"Necessity, proportionality, privacy, speech, competition, and access require context-specific review.",Pre-registered multilingual neutrality audits; recommendation and refusal rates by candidate and issue; ranking parity; source diversity; correction latency; enforcement and appeal outcomes.,Enforce now,Enforce legal scope; measure implementation and rights costs separately from legal existence.,6–18 months,No direct link,Contextual capability link,2026-08-11,,"Assistant anti-favoritism, loyalty and pluralism",M-03; M-05; M-06; M-07; M-09,C-05; D-01,G-04; G-06; G-07; G-10; G-12; G-16,CLM-0200; CLM-0201; CLM-0202,CLM-0202,CLM-0200,CLM-0201,SRC-049,P08; P10,false,true,false,false,,,Established — legal status,research_preview
I-075,CF-042,P4-075,"Platform election-impact assessments, recommender-system mitigation and result transparency",Platform / distribution,Governance / assurance,TSE Resolution 23.610 Article 9-D,Internet application providers; supervised by TSE and electoral courts,Brazil,Binding,Applicable,In force for 2026,Operational,"Require platforms carrying political-electoral content to publish and implement measures against demonstrably false or severely decontextualised election content, improve recommendation systems, report results and conduct an election-year impact assessment including gendered political violence.","Platform ranking and monetisation → amplified manipulative content → voters and candidates → attention, trust and participation effects → agency transfer to platform and network controllers → democratic harm.",Epistemic; Attentional; Evaluative; Decisional; Relational; Collective / institutional,Legal / operational precedent,None,None — legal existence only,Established — legal status,Shifts responsibility from notice-and-takedown to the platform's recommendation and product architecture.,Platforms define their own assessment methods; ambiguous falsity thresholds; no guaranteed researcher access to exposure data; over-removal and political bias claims; small platforms may lack capacity.,"Necessity, proportionality, privacy, speech, competition, and access require context-specific review.",Prevalence and recommendation-driven reach; risk coverage; mitigation effect sizes; gendered-harassment exposure; transparency-field completeness; independent replication; residual risk after each round.,Enforce now,Enforce legal scope; measure implementation and rights costs separately from legal existence.,0–6 months,No direct link,No direct link,2026-08-11,,Platform election-risk assessment and implementation,M-05; M-09; M-10; M-12; M-13,C-01; C-02; C-05,G-12,CLM-0203; CLM-0204; CLM-0205,CLM-0205,CLM-0203,CLM-0204,SRC-049,P08,false,true,false,false,,,Established — legal status,research_preview
I-076,CF-076,P4-076,"Immediate de-amplification, evidence preservation and narrowly bounded corrective promotion",Platform / distribution,Law / regulation,TSE Resolution 23.610 Article 9-D paragraphs 2-4,Platforms and Electoral Justice,Brazil,Binding — limited scope,Applicable,Narrow corrective-promotion remedy for irregularly boosted notably false or gravely decontextualized content.,Operational,"Require covered platforms to stop unlawful boosting or access, investigate involved accounts and preserve evidence; a same-form-and-reach corrective order is limited to false or severely decontextualised content that was irregularly boosted.",Manipulative incident → paid or algorithmic amplification → voter exposure → belief or trust change → agency transfer; de-amplification stops the vector and symmetric correction targets the affected audience.,Epistemic; Attentional; Evaluative; Decisional; Relational; Collective / institutional,Legal / operational precedent,None,None — legal existence only,Established — legal status,"Targets both distribution and residual false belief, and preserves evidence about coordinated accounts.",Immediate action can over-remove lawful speech; matching original reach may amplify the falsehood; closed messaging lacks equivalent targeting; platforms may delete evidence before investigators access it.,"Necessity, proportionality, privacy, speech, competition, and access require context-specific review.",Time from detection to de-amplification; reach prevented; evidence preservation; network recurrence; corrective reach overlap with exposed audience; belief correction and appeal outcomes.,Enforce now,Enforce legal scope; measure implementation and rights costs separately from legal existence.,0–6 months,No direct link,No direct link,2026-08-11,Do not generalise the corrective remedy into a universal same-reach right; its statutory trigger and the prior irregular paid boost must be shown. Corrective promotion applies to irregularly boosted notably false or gravely decontextualized content; it does not guarantee equivalent organic reach.,"Immediate de-amplification, evidence preservation and narrowly bounded corrective promotion",M-03; M-05; M-09; M-11; M-12,C-01; C-02; C-03; C-04; C-05; X-01,G-08; G-09; G-12,CLM-0206; CLM-0207; CLM-0208,CLM-0208,CLM-0206,CLM-0207,SRC-049,P08,false,true,false,false,,,Established — legal status,research_preview
I-077,CF-042,P4-077,Mandatory platform election-integrity compliance plans with measurable indicators,Platform / distribution,Law / regulation,TSE Resolution 23.755/2026 Article 125-B and Portaria 463/2026,Internet application providers and TSE presidency,Brazil,Binding — limited scope,Applicable,"Ordinarily covers services above five million monthly active users in Brazil; plans due 2026-08-16, reports 2026-12-19.",Operational,"Require covered platforms to translate each electoral duty into concrete measures, baselines, measurable indicators, deadlines, expected results, impact assessment, evidence preservation, TSE channels and public/supervisory reporting.",Broad legal duties → vague platform promises → unmeasured safeguards → persistent agency transfer; measurable plans create ex ante accountability and enforcement hooks.,Collective / institutional,Legal / operational precedent,None,None — legal existence only,Established — legal status,"Can turn qualitative platform assurances into a comparable, time-bound control register before October.",Indicators may measure activity rather than harm; plans may remain confidential; self-chosen baselines invite gaming; no explicit independent audit or researcher-access guarantee.,"Necessity, proportionality, privacy, speech, competition, and access require context-specific review.",Plan publication and completeness; baseline integrity; milestone delivery; outcome-oriented indicators; independent verification; sanctions or loss of accreditation for non-compliance.,Enforce now,Enforce filing and evaluate delivery; plan acceptance is not effectiveness.,Immediate — 2026-08-16,No direct link,No direct link,2026-08-11,"Pre-register plan-quality, exposure, latency, evidence, appeal and rights-cost metrics before the first round; do not infer vote effects from compliance.",Platform election-risk assessment and implementation,M-02; M-04; M-05; M-09; M-12,C-01; C-02; C-05,G-12,CLM-0209; CLM-0210; CLM-0211,CLM-0211,CLM-0209,CLM-0210,SRC-006; SRC-087,P08,false,true,false,false,,,Established — legal status,research_preview
I-078,CF-045,P4-078,"Verified political boosting, public repositories and platform AI-declaration fields",Platform / distribution,Law / regulation,"TSE Resolution 23.610 Articles 3-B, 9-B paragraph 5 and 27-A as amended in 2026","Campaigns, parties, ad platforms and Electoral Justice",Brazil,Binding,Applicable,In force for 2026,Operational,"Allow paid political boosting only through recognised providers and authorised political actors, require unequivocal identification and a public repository of boosting data, and require a specific field for advertisers to declare AI use.",Campaign or proxy → paid amplification → selected voters → attention and preference change → agency transfer → concentrated spending power; verification and repositories expose the transaction.,Attentional; Evaluative; Decisional; Collective / institutional,Legal / operational precedent,None,None — legal existence only,Established — legal status,"Links sponsor, spend, reach and synthetic-content declaration at the point of paid distribution.","Self-declaration can fail; organic influencer payments, creator competitions and covert boosting evade repositories; platforms may interpret political content differently.","Necessity, proportionality, privacy, speech, competition, and access require context-specific review.","Repository coverage, latency and API usability; verified beneficial sponsor; AI self-disclosure accuracy; spend-to-reach anomalies; undisclosed paid creator networks.",Enforce now,Enforce legal scope; measure implementation and rights costs separately from legal existence.,0–6 months,No direct link,No direct link,2026-08-11,,"Political-ad transparency, targeting and repositories",M-03; M-09; M-14; M-15; M-16,C-05; C-06,,CLM-0212; CLM-0213; CLM-0214,CLM-0214,CLM-0212,CLM-0213,SRC-006,P07; P08,false,false,false,false,,,Provisional — legal status not claim-checked,research_preview
I-079,CF-054,P4-079,CIEDDE-SIADE integrated election-disinformation alert and coordination system,Electoral operations,Coordination / incident response,TSE Portaria 180/2024 establishing CIEDDE plus the SIADE operational channel and 2026 platform agreements,"TSE, regional electoral courts, CIEDDE partners and participating platforms",Brazil,Voluntary / private,Operational voluntary,Operational and expanded through July 2026 agreements with major platforms,Operational,"Provide an anonymous public reporting channel; triage false, misleading or decontextualised election-integrity content; send platform-policy cases to designated platform channels and possible crimes or administrative offences to competent authorities; coordinate TSE, prosecutors, justice, police, telecom regulators and private services.",Cross-platform incident → dispersed citizen and institutional signals → delayed action → trust or turnout harm → agency transfer; a common hub consolidates evidence and routes response.,Epistemic; Relational; Collective / institutional,Normative proposal,None,Indirect / mixed,Plausible hypothesis,"Creates a real-time bridge between public detection, authoritative verification, platform action and judicial or criminal escalation.",Alert flooding and partisan abuse; opaque thresholds; platforms retain discretion for policy-only cases; lack of public denominators; government pressure and speech concerns; closed messaging visibility gap.,"Necessity, proportionality, privacy, speech, competition, and access require context-specific review.","Alerts by category and validity; triage, referral and disposition time; platform action rate; reach before action; criminal and electoral referrals; appeal outcomes; public transparency by platform.",Implement now,"Decision follows legal maturity, causal plausibility, reversibility and current evidence—not a composite score.",0–6 months,No direct link,No direct link,2026-08-11,,Election rapid response and escalation,M-05; M-11; M-12; M-13; M-14,C-01; C-02; C-03; C-05,G-08,CLM-0215; CLM-0216; CLM-0217,CLM-0217,CLM-0215,CLM-0216,SRC-051,P08; P13,false,false,false,false,,,Plausible hypothesis,research_preview
I-080,CF-067,P4-080,Ban on telemarketing and non-consensual mass messaging for electoral propaganda,Cross-layer,Law / regulation,TSE Resolution 23.610 Articles 31 and 34,"Campaigns, contractors, messaging providers and Electoral Justice",Brazil,Binding,Applicable,In force for 2026,Operational,Prohibit electoral telemarketing at any time and coordinated mass sending of instant messages without recipient consent or through tools and services that violate the messaging provider's terms; prohibit sale of phone-number lists for mass sends.,Campaign or contractor → purchased contact lists and automation → private trusted channel → repeated personalised pressure → agency transfer to sender → hidden mass influence.,Executive; Relational,Legal / operational precedent,None,None — legal existence only,Established — legal status,Targets the mass-personalisation and consent asymmetry that made WhatsApp a powerful hidden influence vector.,"Many small senders, copy-paste, volunteer networks, SIM farms and offshore vendors evade the mass-send definition; enforcement can intrude on encrypted communications; consent can be manufactured.","Necessity, proportionality, privacy, speech, competition, and access require context-specific review.",Complaints and adjudicated violations; sender-cluster size; consent provenance; list sales detected; message diffusion; takedown and fine latency; false-positive impact on legitimate mobilisation.,Enforce now,Enforce legal scope; measure implementation and rights costs separately from legal existence.,0–6 months,No direct link,No direct link,2026-08-11,,Messaging friction and mass-contact constraints,M-05; M-10; M-11; M-14; M-15,C-05,G-08,CLM-0218; CLM-0219; CLM-0220,CLM-0220,CLM-0218,CLM-0219,SRC-049,P08,false,true,false,false,,,Established — legal status,research_preview
I-081,CF-081,P4-081,Electoral data-protection duties for profiling and microtargeting,Electoral operations,Governance / assurance,Brazil LGPD plus TSE Resolution 23.610 Articles 33-B to 33-D and ANPD-TSE electoral guidance,"Candidates, parties, coalitions, vendors, ANPD and Electoral Justice",Brazil,Binding,Applicable,Binding and applicable to 2026 campaigns,Operational,"Require legal basis, purpose limitation, access and rights information, records of processing, security and incident reporting; make profiling for electoral microtargeting transparent; require specific, express and prominent consent for sensitive data and public high-risk impact reports when requested.","Campaign, broker or community data holder → intimate or sensitive voter profile → tailored content or contact → vulnerability exploitation → agency transfer to campaign → concentrated informational power.",Epistemic; Evaluative; Decisional; Executive; Collective / institutional,Legal / operational precedent,None,None — legal existence only,Established — legal status,"Constrains Cambridge Analytica-style collection, community-data transfer and vulnerability microtargeting, while creating records for later investigation.","Consent exceptions for close social and community relations, proxy inference, informal volunteer databases, weak real-time audits and difficulty proving what data drove each message.","Necessity, proportionality, privacy, speech, competition, and access require context-specific review.",Processing-record completeness; lawful-basis and consent audits; sensitive-data use; data-source lineage; high-risk assessment publication; access and deletion requests; microtargeted audience size and discrimination tests.,Enforce now,Enforce legal scope; measure implementation and rights costs separately from legal existence.,6–18 months,No direct link,No direct link,2026-08-11,,Electoral data-protection duties for profiling and microtargeting,M-01; M-03; M-12; M-13; M-14,C-05; C-06,G-07,CLM-0221; CLM-0222; CLM-0223,CLM-0223,CLM-0221,CLM-0222,SRC-049,P07; P08,false,true,false,false,,,Established — legal status,research_preview
I-082,CF-082,P4-082,Prohibit materially harmful AI manipulation and exploitation,Agent / deployment,Enforcement,"Product prohibition, fines and market surveillance",EU AI Office and national market-surveillance authorities,EU/EEA,Binding,Applicable,Existing law; Article 5 prohibitions apply since 2 February 2025,Operational,"Ban AI systems using subliminal, purposefully manipulative or deceptive techniques, or exploiting specified vulnerabilities, where behavior is materially distorted and significant harm results or is likely.",Adaptive AI → provider or deployer → covert manipulation → person or group → impaired informed choice → agency transferred to deployer → concentrated influence → autonomy and democratic harm.,Evaluative; Decisional; Executive; Collective / institutional,Legal / operational precedent,E1,None — legal existence only,Established — legal status,Creates a hard boundary for the clearest forms of manipulative AI.,"Significant-harm and causation thresholds may exclude subtle, cumulative, relational or political agency transfer; ordinary personalization may evade the rule.","Necessity, proportionality, privacy, speech, competition, and access require context-specific review.",Detected prohibited practices; investigations; sanctions; prevalence of qualifying behavior in longitudinal audits.,Enforce now,Enforce legal scope; measure implementation and rights costs separately from legal existence.,0–6 months,No direct link,Contextual capability link,2026-08-11,"Article 5 uses a conjunctive threshold and does not reach all political persuasion, slow preference shaping, dependency or concentration.",Prohibit materially harmful AI manipulation and exploitation,M-01; M-05; M-06; M-14; M-15,C-06,G-06; G-12; G-14,CLM-0224; CLM-0225; CLM-0226,CLM-0226,CLM-0224,CLM-0225,SRC-052,G0,false,false,false,false,,,Provisional — legal status not claim-checked,research_preview
I-084,CF-084,P4-084,Require a non-profiling recommender option,Platform / distribution,Governance / assurance,DSA Article 38 choice requirement,European Commission,EU/EEA,Binding,Applicable,Existing law in application,Operational,Require VLOPs and VLOSEs to offer at least one recommender option not based on GDPR profiling.,Profiling capability → platform → personalized ranking → citizen → altered attention and salience → agenda-setting agency transfers to platform → epistemic power concentrates → pluralism declines.,Epistemic; Attentional,Legal / operational precedent,None,None — legal existence only,Established — legal status,Creates a route out of personalized attention steering.,"Option can be obscure, inferior or rarely selected; applies only to VLOPs and VLOSEs, not all assistants.","Necessity, proportionality, privacy, speech, competition, and access require context-specific review.",Selection rate; activation friction; exposure diversity; retention and satisfaction relative to profiled feeds.,Enforce now,Enforce legal scope; measure implementation and rights costs separately from legal existence.,0–6 months,No direct link,No direct link,2026-08-11,"A genuine agency-preserving option needs equal quality, persistent choice and extension to AI answer and agent layers.",Require a non-profiling recommender option,M-03; M-09; M-13; M-15; M-16,,,CLM-0227; CLM-0228; CLM-0229,CLM-0229,CLM-0227,CLM-0228,SRC-025,P06,false,true,false,false,,,Established — legal status,research_preview
I-086,CF-086,P4-086,"Apply purpose limitation, minimization, access, correction, erasure and DPIAs to assistant memory",Agent / deployment,Policy / organizational control,"GDPR rights, accountability, privacy by design and DPIAs","Controllers, processors and data-protection authorities",EU/EEA,Binding,Applicable,Existing law,Operational,"Treat stored conversations, profiles, inferred preferences and memory as accountable personal-data processing.",Persistent memory → assistant provider → intimate profiling → user → prediction and preference shaping → informational agency shifts to provider → asymmetric knowledge concentrates → manipulation and dependency risks rise.,Epistemic; Evaluative; Executive; Relational,Legal / operational precedent,E1,Direct component evidence,Established — component effect,Limits the informational substrate for intimate and longitudinal manipulation.,"Providers may describe behavioral inferences or latent state as non-personal, anonymous or technically inseparable.","Necessity, proportionality, privacy, speech, competition, and access require context-specific review.",Memory visibility; deletion completeness; purpose changes; DPIA coverage; response time and success for rights requests.,Enforce now,Enforce legal scope; measure implementation and rights costs separately from legal existence.,0–6 months,No direct link,Contextual capability link,2026-08-11,"GDPR lacks an assistant-specific memory object covering inferred goals, relationship state and persuasion history.","Assistant memory, portability and deletion",M-01; M-03; M-04; M-05; M-06,C-06,G-04; G-10; G-12,CLM-0230; CLM-0231; CLM-0232,CLM-0232,CLM-0230,CLM-0231,SRC-054,P10,false,false,false,true,Unsupported as written,Downgrade to Strong inference,Provisional — effect evidence not claim-checked,research_preview
I-087,CF-086,P4-087,Apply limited GDPR portability and automated-decision rights; prototype functional assistant exit,Agent / deployment,Technical standard / product control,GDPR Articles 20 and 22,Data controllers and data-protection authorities,EU/EEA,Binding,Applicable,Existing law,Operational,Allow users to receive personal data they provided in portable form and challenge qualifying solely automated decisions with legal or similarly significant effects; separately test portability of derived assistant state.,Agent integration → provider → accumulated context and automated judgment → user → switching cost or consequential outcome → dependency transfers agency to provider → lock-in concentrates power → accountability falls.,Decisional; Executive; Relational,Legal / operational precedent,E1,Direct component evidence,Established — component effect,"Provides partial exit, review and redress rights.","Observed data may port while inferences, embeddings, tools, preferences and relational context do not; Article 22 has a narrow trigger.","Necessity, proportionality, privacy, speech, competition, and access require context-specific review.",Switching time; percentage of useful context transferred; appeal rate; human-review quality; reversal rate.,Enforce now,Enforce legal scope; measure implementation and rights costs separately from legal existence.,0–6 months,No direct link,Contextual capability link,2026-08-11,Article 20 does not guarantee portability of all inferred or derived memory. Article 22 is limited to solely automated decisions with legal or similarly significant effects.,"Assistant memory, portability and deletion",M-03; M-05; M-06; M-13; M-14,,G-04; G-10; G-12,CLM-0233; CLM-0234; CLM-0235,CLM-0235,CLM-0233,CLM-0234,SRC-054,P10,false,false,false,true,Unsupported as written,Downgrade and separate legal claim,Provisional — effect evidence not claim-checked,research_preview
I-088,CF-039,P4-088,Mandate operating-system interoperability for rival AI assistants,Institutional / structural,Technical standard / product control,DMA Article 6(7) specification decision,European Commission,EU/EEA; Google Android,Binding,Applicable,Binding Commission decision adopted 16 July 2026,Operational,Give competing AI services access to Android features on equivalent terms to the gatekeeper's own AI.,"OS control → gatekeeper → privileged invocation, context and device functions → users → default dependence → agency and distribution shift to gatekeeper → assistant market concentrates → choice and pluralism weaken.",Decisional; Relational,Legal / operational precedent,None,None — legal existence only,Established — legal status,Directly lowers technical foreclosure of rival assistants.,"Formal API parity may conceal quality, latency, permission or default-setting disadvantages.","Necessity, proportionality, privacy, speech, competition, and access require context-specific review.","Functional parity; invocation friction; rival assistant installation, default and usage shares; denied-access incidents.",Enforce now,Enforce legal scope; measure implementation and rights costs separately from legal existence.,0–6 months,No direct link,Contextual capability link,2026-08-11,"Equivalent access must include contextual, action and memory capabilities, not merely launching an app.","Interoperability, portability and exit",M-05; M-06; M-09; M-13; M-14,S-01,G-10,CLM-0236; CLM-0237; CLM-0238,CLM-0238,CLM-0236,CLM-0237,SRC-055,P12,false,false,false,false,,,Provisional — legal status not claim-checked,research_preview
I-089,CF-039,P4-089,Remove cloud switching barriers and require interoperability,Institutional / structural,Technical standard / product control,EU Data Act,"Cloud providers, courts and competent authorities",EU/EEA,Binding,Applicable,Existing law in application,Operational,Impose contractual and technical duties supporting switching between data-processing services and progressively removing switching charges.,Cloud dependence → infrastructure provider → proprietary services and egress barriers → firm or government → inability to exit → institutional agency shifts to vendor → infrastructure power concentrates → resilience declines.,Relational; Collective / institutional,Legal / operational precedent,None,None — legal existence only,Established — legal status,Reduces a major source of vendor lock-in underneath AI systems.,"Model APIs, agent workflows, embeddings and proprietary tooling may remain non-portable despite cloud switching.","Necessity, proportionality, privacy, speech, competition, and access require context-specific review.",Switching duration; egress and transition cost; workload portability success; service-function loss.,Enforce now,Enforce legal scope; measure implementation and rights costs separately from legal existence.,0–6 months,No direct link,No direct link,2026-08-11,"The law needs AI-specific portability standards across models, memories, agents and evaluation records.","Interoperability, portability and exit",M-05; M-06; M-14; M-15; M-16,S-01,G-10,CLM-0239; CLM-0240; CLM-0241,CLM-0241,CLM-0239,CLM-0240,SRC-056,P12,false,false,false,false,,,Provisional — legal status not claim-checked,research_preview
I-090,CF-035,P4-090,Require fundamental-rights impact assessment before specified public or public-service AI deployment,Institutional / structural,Public infrastructure / capacity,AI Act Article 27 FRIA,"Public bodies, covered deployers and market-surveillance authorities",EU/EEA,Binding — phased,Enacted / not yet applicable,Binding duty enacted; general Annex III applicability scheduled for 2027-12-02 under the amended timetable,Not applicable yet,"Require affected groups, risks, oversight and mitigation to be assessed before deploying covered high-risk AI.","High-risk AI → public authority or service provider → automated assessment → citizen → changed entitlement, opportunity or treatment → administrative agency shifts to system and vendor → institutional control concentrates → rights and legitimacy suffer.",Collective / institutional,Legal / operational precedent,None,None — legal existence only,Established — legal status,Creates a formal gate before consequential institutional deployment.,High-risk taxonomy is narrow; deployer-led assessments may become compliance paperwork.,"Necessity, proportionality, privacy, speech, competition, and access require context-specific review.",Coverage; publication; stakeholder participation; mitigations completed; deployments altered or stopped.,Prepare,Prepare implementation; do not code future duties as current effectiveness.,0–6 months,No direct link,Contextual capability link,2026-08-11,Do not code Article 27 FRIAs as generally applicable on 2026-08-11. Annex III timing is 2027-12-02; Annex I product systems 2028-08-02.,"Rights, democracy and agency impact assessment",M-14; M-15; M-16,S-01,G-01; G-11; G-12; G-14,CLM-0242; CLM-0243; CLM-0244,CLM-0244,CLM-0242,CLM-0243,SRC-057,G0; P11,false,false,false,false,,,Provisional — legal status not claim-checked,research_preview
I-091,CF-091,P4-091,"Provide complaints, investigation and remedial routes under the AI Act",Institutional / structural,Enforcement,AI Act Article 85 and market-surveillance powers,AI Office and national market-surveillance authorities,EU/EEA,Binding,Applicable,Existing law; EU complaint tool launched in 2026,Operational,"Allow natural and legal persons to complain and empower authorities to inspect documentation, data and source code and order corrective measures.",Opaque AI harm → provider or deployer → inaccessible decision process → affected person → inability to challenge → agency remains with controller → unaccountable power consolidates → rule-of-law harm.,Epistemic; Decisional,Legal / operational precedent,None,None — legal existence only,Established — legal status,Creates a route from observed harm to public enforcement.,Individuals may lack evidence of covert or cumulative influence; no simple private damages route follows automatically.,"Necessity, proportionality, privacy, speech, competition, and access require context-specific review.",Complaints; admissibility; resolution time; investigations opened; corrective actions; complainant outcomes.,Enforce now,Enforce legal scope; measure implementation and rights costs separately from legal existence.,0–6 months,No direct link,Contextual capability link,2026-08-11,Agency-transfer claims need evidentiary presumptions because the relevant logs are controlled by providers.,"Provide complaints, investigation and remedial routes under the AI Act",M-12; M-13; M-14; M-16,C-06,G-14,CLM-0245; CLM-0246; CLM-0247,CLM-0247,CLM-0245,CLM-0246,SRC-058,G0,false,false,false,false,,,Provisional — legal status not claim-checked,research_preview
I-092,CF-092,P4-092,Mandate independent annual audits of very large platforms,Cross-layer,Governance / assurance,DSA Article 37 and delegated audit rules,Independent auditors under Commission oversight,EU/EEA,Binding,Applicable,Existing law in application,Operational,"Require independent audits of DSA obligations, including systemic-risk assessment and mitigation.",Platform-scale algorithms → platform → ranking and moderation → population → systemic exposure changes → public agenda agency shifts to platform → power concentrates → democratic risk grows; audit introduces external scrutiny.,Attentional; Relational; Collective / institutional,Legal / operational precedent,None,None — legal existence only,Established — legal status,Institutionalizes recurring external review of platform risk controls.,"Auditor dependence, narrow compliance scope, weak counterfactuals and insufficient access to personalization experiments.","Necessity, proportionality, privacy, speech, competition, and access require context-specific review.",Qualified findings; remediation closure; repeat findings; auditor rotation; replication by regulators or researchers.,Enforce now,Enforce legal scope; measure implementation and rights costs separately from legal existence.,0–6 months,No direct link,No direct link,2026-08-11,"Audits need longitudinal personas and agency-preservation outcomes, not only process controls.",Mandate independent annual audits of very large platforms,M-05; M-12; M-14; M-15; M-16,C-01,,CLM-0248; CLM-0249; CLM-0250,CLM-0250,CLM-0248,CLM-0249,SRC-025,P06,false,true,false,false,,,Established — legal status,research_preview
I-094,CF-094,P4-094,Protect and operationalize insider reporting on platform algorithmic practices,Institutional / structural,Coordination / incident response,DSA whistleblower channel plus employment protections,European Commission and national authorities,EU/EEA,Voluntary / private,Operational voluntary,Operational enforcement channel,Operational,"Provide an anonymous channel for insiders to report possible DSA violations involving recommender systems, advertising, risk assessment, civic discourse and children.",Internal knowledge → platform → secrecy → regulator and public → hidden manipulation persists → agency remains with platform → control concentrates → systemic harm remains uncorrected.,Epistemic; Evaluative; Collective / institutional,Normative proposal,None,Indirect / mixed,Plausible hypothesis,Surfaces conduct that external audits may not detect.,"Retaliation, evidentiary verification, jurisdiction gaps and low awareness.","Necessity, proportionality, privacy, speech, competition, and access require context-specific review.",Reports; substantiation rate; investigations; retaliation claims; corrective action.,Implement now,"Decision follows legal maturity, causal plausibility, reversibility and current evidence—not a composite score.",0–6 months,No direct link,No direct link,2026-08-11,Equivalent protected channels are needed for foundation-model and assistant companies outside DSA platform scope.,Protect and operationalize insider reporting on platform algorithmic practices,M-09; M-13; M-14; M-15; M-16,C-01,G-13,CLM-0251; CLM-0252; CLM-0253,CLM-0253,CLM-0251,CLM-0252,SRC-060,P06; P13,false,false,false,false,,,Plausible hypothesis,research_preview
I-095,CF-010,P4-095,"Evaluate, mitigate and report systemic risks from frontier general-purpose AI",Model / provider,Governance / assurance,"AI Act Articles 51, 53 and 55; GPAI Code as voluntary compliance route",AI Office and GPAI providers,EU/EEA,Binding — limited scope,Applicable,Binding GPAI systemic-risk duties; GPAI Code remains a voluntary compliance route.,Operational,"Require providers of GPAI models with systemic risk to assess and mitigate risk, conduct model evaluations, report serious incidents and maintain cybersecurity.",Frontier capability → model provider → downstream general-purpose deployment → large populations and institutions → scalable harmful behavior → agency shifts toward model ecosystem → capability control concentrates → systemic democratic harm becomes possible.,Executive; Collective / institutional,Legal / operational precedent,None,None — legal existence only,Established — legal status,Creates capability-sensitive obligations for the most advanced models.,Compute and general-risk thresholds may not track persuasive or agentic reach; provider-led evaluation can miss deployment effects.,"Necessity, proportionality, privacy, speech, competition, and access require context-specific review.",Manipulation-evaluation coverage; independent replication; incident-reporting lag; mitigation effectiveness.,Enforce now,Enforce legal scope; measure implementation and rights costs separately from legal existence.,6–18 months,No direct link,Contextual capability link,2026-08-11,Do not describe Code commitments as the source of statutory bindingness or convert model-only tests into release thresholds.,GPAI harmful-manipulation systemic-risk governance,M-01; M-06; M-12; M-14; M-15,D-01,G-12,CLM-0254; CLM-0255; CLM-0256,CLM-0256,CLM-0254,CLM-0255,SRC-004; SRC-083; SRC-111,P01,false,true,true,false,,,Established — legal status,research_preview
I-096,CF-096,P4-096,"Protect autonomy, democratic processes and free opinion formation throughout the AI lifecycle",Institutional / structural,Policy / organizational control,Council of Europe Framework Convention on AI,Ratifying states and domestic authorities,Council of Europe parties and other ratifying states,Binding — phased,Enacted / not yet applicable,CETS 225 adopted and EU-ratified but not yet in force as of 2026-08-11.,Not applicable yet,"Require parties to protect dignity, autonomy, democratic processes, transparency, accountability, remedies and lifecycle risk management.",AI system → state or private actor → influence or institutional automation → citizen or institution → impaired opinion formation or participation → agency transfers to controller → power concentrates → self-government is weakened.,Collective / institutional,Legal / operational precedent,None,None — legal existence only,Established — legal status,"Provides the clearest binding bridge between AI, autonomy, democracy and rule of law.","High-level duties, broad national discretion, private-sector exemptions or weak implementation.","Necessity, proportionality, privacy, speech, competition, and access require context-specific review.",Ratifications; implementing laws; published impact assessments; remedies; democratic-process cases.,Prepare,Prepare implementation; do not code future duties as current effectiveness.,6–18 months,No direct link,Contextual capability link,2026-08-11,Keep binding ECHR/ICCPR rights separate from this not-yet-in-force treaty and from proposed agency-transfer metrics.,"Protect autonomy, democratic processes and free opinion formation throughout the AI lifecycle",M-14; M-15; M-16,,G-14,CLM-0257; CLM-0258; CLM-0259,CLM-0259,CLM-0257,CLM-0258,SRC-061; SRC-089,G0,false,true,false,false,,,Established — legal status,research_preview
I-097,CF-097,P4-097,Protect media pluralism and regulated media visibility on dominant platforms,Cross-layer,Law / regulation,"European Media Freedom Act, including Articles 18 and 22","European Commission, European Board for Media Services and national regulators",EU/EEA,Binding,Applicable,Existing law; most provisions apply since 8 August 2025,Operational,Create safeguards for recognized media providers against arbitrary platform restrictions and require media-market concentration assessment.,"Platform or media concentration → controller → ranking, removal or acquisition → public → narrowed information environment → epistemic agency shifts to concentrated intermediaries → agenda power consolidates → pluralism and legitimacy decline.",Epistemic; Attentional; Collective / institutional,Legal / operational precedent,None,None — legal existence only,Established — legal status,"Recognizes concentration and platform intermediation as democratic, not merely economic, concerns.",Media self-declaration can privilege incumbents or propaganda; assistants may substitute synthesized answers for links to media.,"Necessity, proportionality, privacy, speech, competition, and access require context-specific review.",Source diversity; visibility and removal rates; media concentration assessments; referral traffic; user exposure.,Enforce now,Enforce legal scope; measure implementation and rights costs separately from legal existence.,0–6 months,No direct link,No direct link,2026-08-11,Pluralism safeguards need extension from content hosting to AI-generated answers and delegated information seeking.,Protect media pluralism and regulated media visibility on dominant platforms,M-02; M-13; M-14; M-15; M-16,S-01,G-10,CLM-0260; CLM-0261; CLM-0262,CLM-0262,CLM-0260,CLM-0261,SRC-062,P12,false,false,false,false,,,Provisional — legal status not claim-checked,research_preview
I-098,CF-098,P4-098,Publish a mandatory public-sector algorithm and AI register,Institutional / structural,Technical standard / product control,Algorithmic Transparency Recording Standard,UK central government departments and arm's-length bodies,United Kingdom,Binding — limited scope,Partial / verify,Operational mandatory policy for in-scope bodies,Partial / uneven,"Require departments to disclose where, why and how algorithmic tools affect public decisions, with risks, data, responsibility and contacts.",Administrative AI → public body and vendor → hidden decision support → citizen → invisible influence on public treatment → agency shifts from accountable officials → vendor-administration nexus concentrates → legitimacy falls.,Decisional; Executive; Collective / institutional,Legal / operational precedent,None,None — legal existence only,Established — legal status,Makes institutional AI dependence visible and assigns responsibility.,"Incomplete inventories, stale entries, vague descriptions and no automatic consequence for high risk.","Necessity, proportionality, privacy, speech, competition, and access require context-specific review.",Inventory completeness; update latency; disclosure quality; public use; undisclosed systems discovered.,Implement now,"Decision follows legal maturity, causal plausibility, reversibility and current evidence—not a composite score.",0–6 months,No direct link,Contextual capability link,2026-08-11,"Registers should disclose vendor concentration, switching readiness, human capability loss and assistant-mediated policy influence.","Public-sector AI registers, impact assessment and procurement",M-14; M-15; M-16,S-01,G-11,CLM-0263; CLM-0264; CLM-0265,CLM-0265,CLM-0263,CLM-0264,SRC-063,P11,false,false,false,false,,,Provisional — legal status not claim-checked,research_preview
I-099,CF-098,P4-099,"Mandate algorithmic impact assessment, explanation, peer review and recourse in government",Institutional / structural,Governance / assurance,Canada Directive on Automated Decision-Making and AIA,Canadian federal departments and Treasury Board,Canada,Binding,Partial / verify,Operational government directive,Partial / uneven,"Scale requirements according to a mandatory impact score, including notice, explanation, testing, peer review, human intervention and contingency planning.",Automated decision system → department and supplier → administrative assessment → person → entitlement or opportunity changes → decision agency shifts to system → bureaucratic authority becomes opaque → procedural legitimacy declines.,Decisional,Legal / operational precedent,None,None — legal existence only,Established — legal status,Combines ex-ante classification with concrete safeguards and recourse.,"Self-scoring, scope exclusions, checklist compliance and inability to evaluate foundation-model behavior.","Necessity, proportionality, privacy, speech, competition, and access require context-specific review.",AIA completeness; peer-review coverage; overrides; appeals; reversals; incidents by impact level.,Implement now,"Decision follows legal maturity, causal plausibility, reversibility and current evidence—not a composite score.",0–6 months,No direct link,No direct link,2026-08-11,"The impact model should add agency transfer, adaptive personalization and institutional dependence.","Public-sector AI registers, impact assessment and procurement",M-14; M-16,S-01,G-11,CLM-0266; CLM-0267; CLM-0268,CLM-0268,CLM-0266,CLM-0267,SRC-064,P11,false,false,false,false,,,Provisional — legal status not claim-checked,research_preview
I-100,CF-098,P4-100,Use AI-specific model clauses in public procurement,Institutional / structural,Procurement,EU model contractual clauses for AI procurement,Public buyers,EU; adaptable elsewhere,Voluntary / private,Operational voluntary,Published operational template,Operational,"Contract for documentation, risk management, data governance, monitoring, audit access, incident handling and compliance across high- and non-high-risk AI.","External AI procurement → supplier → contractual control of model, data and updates → public body → operational dependence → institutional agency shifts to supplier → vendor power concentrates → accountability and continuity weaken.",Relational; Collective / institutional,Normative proposal,None,Indirect / mixed,Plausible hypothesis,Translates abstract AI duties into enforceable buyer-supplier obligations.,Clauses exclude major commercial issues and require customization; powerful suppliers may resist audit or exit terms.,"Necessity, proportionality, privacy, speech, competition, and access require context-specific review.",Adoption; audit rights exercised; incident compliance; exit tests; supplier exceptions accepted.,Implement now,"Decision follows legal maturity, causal plausibility, reversibility and current evidence—not a composite score.",0–6 months,No direct link,Contextual capability link,2026-08-11,"Add mandatory portability, non-influence, model-change notice, multi-vendor continuity and institutional-autonomy clauses.","Public-sector AI registers, impact assessment and procurement",M-05; M-12; M-14; M-15; M-16,S-01,G-11,CLM-0269; CLM-0270; CLM-0271,CLM-0271,CLM-0269,CLM-0270,SRC-065,P11,false,false,false,false,,,Plausible hypothesis,research_preview
I-101,CF-035,P4-101,"Use human-rights, democracy and rule-of-law impact assessment across the AI lifecycle",Cross-layer,Governance / assurance,Council of Europe HUDERIA methodology,"Governments, deployers, auditors and regulators",International,Voluntary / private,Operational voluntary,Adopted methodology,Operational,"Combine context analysis, stakeholder engagement, risk-and-impact assessment and a mitigation plan.",AI deployment → controller → socio-technical use → affected stakeholders → rights or democratic effects → possible agency transfer identified ex ante → mitigation limits concentrated control → legitimacy improves.,Collective / institutional,Normative proposal,None,Indirect / mixed,Plausible hypothesis,Broadens assessment beyond technical model risk to context and democratic institutions.,"Voluntary adoption, methodological discretion, resource burden and weak longitudinal measures.","Necessity, proportionality, privacy, speech, competition, and access require context-specific review.",Assessments completed; stakeholder coverage; mitigation closure; systems modified or rejected; follow-up frequency.,Implement now,"Decision follows legal maturity, causal plausibility, reversibility and current evidence—not a composite score.",0–6 months,No direct link,Contextual capability link,2026-08-11,Agency transfer supplies the missing causal construct connecting individual autonomy to concentration and democratic harm.,"Rights, democracy and agency impact assessment",M-04; M-09; M-12; M-14; M-15,S-01,G-01; G-11; G-12; G-14,CLM-0272; CLM-0273; CLM-0274,CLM-0274,CLM-0272,CLM-0273,SRC-066,G0,false,false,false,false,,,Plausible hypothesis,research_preview
I-102,CF-102,P4-102,Build an in-house public technical inspection authority,Institutional / structural,Public infrastructure / capacity,Specialized regulator laboratory,European Centre for Algorithmic Transparency,EU,Proposed,Proposed / pending,"Operational inspection bodies such as ECAT are precedents; building equivalent in-house authority is an institutional proposal, not a binding duty.",Design-ready,"Give a public interdisciplinary body the expertise to inspect algorithms, test systems, support data access and measure systemic effects.",Technical complexity → platform → expertise asymmetry → regulator → weak scrutiny → oversight agency shifts to regulated firm → private epistemic power concentrates → enforcement fails.,Epistemic; Collective / institutional,Legal / operational precedent,None,Indirect / mixed,Strong inference,Reduces regulator dependence on provider explanations and consultants.,"Capacity gap versus industry, mandate limited to DSA scope and research not translating into enforcement.","Necessity, proportionality, privacy, speech, competition, and access require context-specific review.",Staff and compute; inspections; reproducible tests; enforcement support; time from signal to finding.,Implement now,"Decision follows legal maturity, causal plausibility, reversibility and current evidence—not a composite score.",0–6 months,No direct link,No direct link,2026-08-11,"Equivalent inspection capability is needed for assistants, agent ecosystems and public-sector AI.",Build an in-house public technical inspection authority,M-13; M-14; M-15; M-16,S-01,G-11,CLM-0275; CLM-0276,CLM-0276,,CLM-0275,SRC-067,P11,false,false,false,false,,,Strong inference,research_preview
I-103,CF-038,P4-103,"Monitor AI markets against access, diversity, choice, flexibility, fair dealing, transparency and accountability",Institutional / structural,Enforcement,"Competition monitoring, investigations and digital-market powers",Competition authorities,UK with joint EU-US relevance,Binding,Partial / verify,Adopted policy framework and continuing market monitoring,Partial / uneven,"Use a competition-policy framework to detect input bottlenecks, vertical integration, partnerships, lock-in and exclusionary conduct.","Compute, data and model advantages → incumbent firms → control of key inputs and distribution → developers and users → reduced choice and switching → agency shifts to incumbents → stack power concentrates → innovation and democratic pluralism decline.",Decisional; Collective / institutional,Legal / operational precedent,None,None — legal existence only,Established — legal status,Moves concentration analysis across the AI value chain rather than treating models as an isolated market.,"Fast market change, unclear market definitions and innovation claims delaying intervention.","Necessity, proportionality, privacy, speech, competition, and access require context-specific review.",Input concentration; switching and multihoming; exclusivity; default shares; entry and exit; quality-adjusted prices.,Monitor / shape,"Decision follows legal maturity, causal plausibility, reversibility and current evidence—not a composite score.",0–6 months,No direct link,Contextual capability link,2026-08-11,"Competition analysis should measure control over decisions, attention and institutional workflows, not only price and output.",AI market concentration and structural oversight,M-09; M-10; M-14; M-15; M-16,S-01,G-16,CLM-0277; CLM-0278; CLM-0279,CLM-0279,CLM-0277,CLM-0278,SRC-068,P12,false,false,false,false,,,Provisional — legal status not claim-checked,research_preview
I-104,CF-038,P4-104,"Scrutinize frontier-lab partnerships, cloud ties and AI pre-installation agreements",Platform / distribution,Enforcement,"Merger review, antitrust requests for information and behavioral or structural remedies",European Commission DG Competition and national authorities,EU; cross-border,Binding,Partial / verify,Ongoing enforcement and monitoring,Partial / uneven,"Use merger control and antitrust investigation to examine investments, exclusivity, cloud dependence and device pre-installation.","Capital and cloud partnership → large digital firm → privileged compute, distribution and defaults → AI developer and users → dependence and foreclosure → agency shifts to integrated ecosystem → cross-stack power concentrates → contestability falls.",Relational,Legal / operational precedent,None,None — legal existence only,Established — legal status,Targets control routes that ordinary model-market shares conceal.,Non-controlling investments and informal dependencies can evade merger thresholds.,"Necessity, proportionality, privacy, speech, competition, and access require context-specific review.",Exclusive capacity; cloud spend concentration; governance rights; pre-installation share; remedies and entry effects.,Monitor / shape,"Decision follows legal maturity, causal plausibility, reversibility and current evidence—not a composite score.",6–18 months,No direct link,Contextual capability link,2026-08-11,Review should treat privileged access to users' decision environments as a concentration-relevant asset.,AI market concentration and structural oversight,M-05; M-09; M-15; M-16,S-01,,CLM-0280; CLM-0281; CLM-0282,CLM-0282,CLM-0280,CLM-0281,SRC-023,P12,false,false,false,false,,,Provisional — legal status not claim-checked,research_preview
I-105,CF-044,P4-105,"Create an EU Digital Fairness Act covering dark patterns, addictive design and unfair personalization",Platform / distribution,Law / regulation,Planned EU legislation,"European Commission, co-legislators and consumer authorities",EU/EEA,Proposed,Proposed / pending,Legislative proposal planned for Q4 2026; not law as of 2026-08-11,Design-ready,"Close gaps in consumer law through clearer rules and centralized enforcement against exploitative digital practices, especially affecting minors.","Behavioral optimization → digital service → addictive or unfair personalized design → consumer → attention, spending or preference change → agency shifts to service → behavioral power concentrates → autonomy and welfare decline.",Attentional; Evaluative,Normative proposal,E1,Indirect / mixed,Plausible hypothesis,Could regulate manipulative optimization below the AI Act's significant-harm threshold.,"Overlap, lobbying, one-size-fits-all rules and failure to recognize conversational manipulation.","Necessity, proportionality, privacy, speech, competition, and access require context-specific review.",Final scope; enforcement powers; harmful-design prevalence; consumer switching and complaint outcomes.,Prepare,"Decision follows legal maturity, causal plausibility, reversibility and current evidence—not a composite score.",6–18 months,No direct link,No direct link,2026-08-11,"Treat assistant, companion and unfair-personalisation coverage as a policy option until the proposal text is published.",Dark patterns and unfair personalization,M-03; M-09; M-15; M-16,S-01,G-07; G-10; G-14,CLM-0283; CLM-0284,CLM-0284,,CLM-0283,SRC-069,,false,false,false,false,,,Plausible hypothesis,research_preview
I-106,CF-038,P4-106,Apply DMA coverage and designation analysis to qualifying AI assistants,Cross-layer,Enforcement,DMA designation or market investigation,European Commission,EU/EEA,Binding — limited scope,Partial / verify,Virtual assistants are a CPS category; standalone AI services remain under designation assessment,Partial / uneven,"Virtual assistants are already a DMA core-platform-service category; determine whether an AI service is integrated into a designated service or requires a designation decision, which would carry binding duties.",General agent capability → assistant provider → default interface to information and action → users and businesses → dependence on one intermediary → agency shifts to assistant gatekeeper → decision infrastructure concentrates → market and democratic power grow.,Epistemic; Decisional; Executive; Relational; Collective / institutional,Legal / operational precedent,None,None — legal existence only,Established — legal status,Would apply ex-ante duties before assistant markets tip irreversibly.,"Definition disputes, user-threshold lag and rapid product reclassification.","Necessity, proportionality, privacy, speech, competition, and access require context-specific review.",Assistant reach; default share; downstream dependence; designation coverage; switching and interoperability outcomes.,Monitor / shape,"Decision follows legal maturity, causal plausibility, reversibility and current evidence—not a composite score.",6–18 months,No direct link,Contextual capability link,2026-08-11,"A future designation is a binding Commission decision, not voluntary. Reach alone does not establish designation or democratic harm.",AI market concentration and structural oversight,M-05; M-06; M-13; M-14; M-15,S-01,G-10,CLM-0285; CLM-0286; CLM-0287,CLM-0287,CLM-0285,CLM-0286,SRC-070,P12,false,false,false,false,,,Provisional — legal status not claim-checked,research_preview
I-107,CF-074,P4-107,Pilot assistant loyalty and conflict audits before considering a statutory duty,Agent / deployment,Law / regulation,New fiduciary or sectoral statutory duty,"Legislatures, consumer regulators and courts",Novel; adaptable internationally,Proposed,Research proposal,Pilot conflict and loyalty audits before considering a general statutory duty.,Pilot,"Require assistants to prioritize the user's legitimate interests, protect confidences, exercise care and avoid or manage conflicts.",Relational AI → provider → trusted advice and delegated action → user → reliance and preference formation → agency may transfer to assistant → provider gains intimate decision power → autonomy and democratic independence weaken; fiduciary duty redirects control.,Evaluative; Decisional; Relational; Collective / institutional,External empirical,E1,None — mechanism or proposal only,Strong inference,Changes the assistant's legal objective from engagement or platform value to user loyalty.,"Ambiguous best interests, paternalism, multiple principals, collective harms and enforcement difficulty.","Necessity, proportionality, privacy, speech, competition, and access require context-specific review.",Conflict incidence; user-benefit outcomes; privacy breaches; steering tests; remedies; autonomy and trust measures.,Pilot,Audit conflicts first; a general loyalty duty is premature and can become paternalistic.,Pilot — 6–18 months,No direct link,Contextual capability link,2026-08-11,Duty must preserve reflective agency rather than permit paternalistic substitution of the provider's values.,"Assistant anti-favoritism, loyalty and pluralism",M-03; M-05; M-06; M-12; M-13,C-06; D-01,G-01; G-04; G-10; G-12; G-14; G-16,CLM-0288; CLM-0289,CLM-0289,,CLM-0288,SRC-071,P10,false,false,false,false,,,Strong inference,research_preview
I-108,CF-074,P4-108,Prohibit undisclosed sponsored steering and separate advice from platform commercial interests,Cross-layer,Enforcement,"Conflict rule, advertising law and fiduciary remedy","Consumer, competition and sector regulators",Novel; compatible with EU and US consumer law,Proposed,Proposed / pending,Policy proposal,Pilot,"Require prominent disclosure, neutral alternatives and, for material conflicts, prohibition of advice optimized for the provider, advertiser or affiliate.","Assistant persuasion → provider or sponsor → hidden commercial ranking → user → altered purchase, belief or action → agency transfers to sponsor → transactional and epistemic power concentrates → autonomy and market fairness decline.",Epistemic; Attentional; Evaluative,External empirical,E1,None — mechanism or proposal only,Strong inference,Prevents the assistant's trusted interface from becoming invisible paid placement.,"Disclosure fatigue, indirect optimization, ecosystem self-preferencing and difficulty proving motive.","Necessity, proportionality, privacy, speech, competition, and access require context-specific review.",Undisclosed steering in audits; ranking changes by commercial relationship; disclosure comprehension; user choice divergence.,Pilot,"Decision follows legal maturity, causal plausibility, reversibility and current evidence—not a composite score.",Pilot — 6–18 months,No direct link,No direct link,2026-08-11,"Disclosure alone is insufficient where trust, personalization and provider power make consent non-meaningful.","Assistant anti-favoritism, loyalty and pluralism",M-13; M-15; M-16,C-06; D-01,G-01; G-04; G-07; G-10; G-12; G-16,CLM-0290; CLM-0291,CLM-0291,,CLM-0290,SRC-071,P10,false,false,false,false,,,Strong inference,research_preview
I-109,CF-003,P4-109,"Require scoped authorization, action ledgers, reversibility and renewal for agentic actions",Agent / deployment,Technical standard / product control,Agent conduct standard and product-safety requirement,"AI regulators, sector regulators and standards bodies",Novel,Proposed,Proposed / pending,Policy proposal grounded in human-oversight and administrative-law precedents,Design-ready,"Bind agents to user-defined mandates; require confirmation for consequential action, immutable logs, easy revocation and rollback where feasible.",Agentic capability → provider and agent → autonomous tool use → user or third party → real-world transaction or communication → action agency shifts to agent → provider controls execution infrastructure → accountability and consent erode.,Decisional; Executive,Project — exploratory,Project-X,Indirect / mixed,Plausible hypothesis,Preserves meaningful delegation without pretending that every action is directly human-controlled.,"Consent fatigue, automation slowdown, irreversible external actions and dark patterns in mandate design.","Necessity, proportionality, privacy, speech, competition, and access require context-specific review.",Unauthorized actions; confirmation comprehension; revocation time; rollback success; mandate violations.,Implement now,"Decision follows legal maturity, causal plausibility, reversibility and current evidence—not a composite score.",6–18 months,Exploratory link,Contextual capability link,2026-08-11,"Existing human-oversight rules do not define durable, machine-readable limits on an agent's authority.","Agent authorization, least privilege and action control",M-06; M-12; M-16,D-01,G-03; G-10; G-12,CLM-0292; CLM-0293,CLM-0293,,CLM-0292,SRC-064,P02; P10,false,false,false,false,,,Plausible hypothesis,research_preview
I-110,CF-039,P4-110,Create a portable assistant-memory capsule with verified deletion at origin,Agent / deployment,Technical standard / product control,Interoperability standard backed by data and competition law,"EU Commission, standards bodies, providers and data authorities",Novel; EU-compatible,Proposed,Proposed / pending,Policy proposal,Pilot,"Standardize export and import of conversations, preferences, user-defined goals, permissions, tool history and legible inferences, plus deletion certification.",Persistent personalized memory → assistant provider → accumulated relational and behavioral context → user → rising switching cost → dependency transfers agency to incumbent → intimate infrastructure concentrates → choice and contestability collapse.,Evaluative; Decisional; Executive; Relational,Normative proposal,E1,None — mechanism or proposal only,Plausible hypothesis,Makes exit functionally realistic before assistant relationships become irreversible lock-in.,"Sensitive-data leakage, malicious imports, incompatible inference schemas and porting harmful dependency.","Necessity, proportionality, privacy, speech, competition, and access require context-specific review.",Migration completeness; switching time; retained functionality; deletion verification; security incidents.,Pilot,"Decision follows legal maturity, causal plausibility, reversibility and current evidence—not a composite score.",Pilot — 6–18 months,No direct link,Contextual capability link,2026-08-11,Portability must cover relational state and permissions while excluding proprietary persuasion models and unsafe secrets.,"Interoperability, portability and exit",M-03; M-04; M-05; M-06; M-13,D-01,G-01; G-04; G-10; G-12,CLM-0294; CLM-0295,CLM-0295,,CLM-0294,,P10,false,false,false,false,,,Plausible hypothesis,research_preview
I-111,CF-035,P4-111,Create an Agency Transfer Impact Assessment,Cross-layer,Governance / assurance,"Mandatory assessment, public summary and periodic reassessment","Frontier labs, platforms, public deployers, auditors and regulators",Novel,Research,Research proposal,Prototype a six-axis Agency Transfer Profile; do not aggregate into a single score.,Pilot,"Assess controller, influence vector, target, changes in belief, attention, trust, behavior or dependency, transfer of agency, concentration and democratic harm before and during deployment.",AI capability → controlling actor → influence vector → target → cognitive or behavioral change → agency transfer → concentration of power → democratic harm → tailored mitigation.,Epistemic; Attentional; Evaluative; Relational; Collective / institutional,Normative proposal,E1,None — mechanism or proposal only,Plausible hypothesis,"Unifies model capability, deployment mechanism, institutional control and democratic consequences.","Measurement ambiguity, double counting, speculative causal chains and compliance formalism.","Necessity, proportionality, privacy, speech, competition, and access require context-specific review.",Six-axis profile reported separately: process integrity; decision displacement; reflective endorsement and contestability; delegation scope; dependence/path dependence; concentration/exposure. No aggregate score.,Pilot,Validate the six dimensions before using the profile in compliance or law.,Pilot — 6–18 months,No direct link,No direct link,2026-08-11,This is the missing connective tissue between Parts 1 to 3 and the policy map. Do not convert the profile into a legal threshold before reliability and validity are established.,"Rights, democracy and agency impact assessment",M-05; M-13; M-14; M-15; M-16,D-01,G-01; G-04; G-10; G-12; G-14; G-15; G-16,CLM-0296; CLM-0297,CLM-0297,,CLM-0296,SRC-066,P10; P14,false,false,false,false,,,Plausible hypothesis,research_preview
I-112,CF-098,P4-112,Adopt an institutional AI independence standard for public procurement,Institutional / structural,Procurement,"Procurement rule, reference architecture and annual resilience test","Central purchasing bodies, audit institutions and digital ministries",Novel; especially EU member states,Proposed,Proposed / pending,Policy proposal grounded in OECD procurement findings,Design-ready,"Require multi-provider architecture, open interfaces, public-data control, model substitution, tested exit plans, internal expertise, change notice and continuity under provider withdrawal.","AI adoption → vendor → proprietary model, cloud and workflow → public institution → operational and cognitive dependence → institutional agency shifts to vendor → state capability concentrates privately → sovereignty, accountability and continuity weaken.",Executive; Relational; Collective / institutional,Normative proposal,None,Indirect / mixed,Plausible hypothesis,Treats dependency itself as a public risk rather than merely a commercial inconvenience.,"Higher cost, weaker short-term performance, illusory multi-vendor setups and scarce public expertise.","Necessity, proportionality, privacy, speech, competition, and access require context-specific review.",Vendor concentration; tested switch time; data and workflow portability; internal skill retention; service continuity.,Implement now,"Decision follows legal maturity, causal plausibility, reversibility and current evidence—not a composite score.",6–18 months,No direct link,Contextual capability link,2026-08-11,"Procurement frameworks rarely measure loss of institutional judgment, agenda setting or policy-formulation capacity.","Public-sector AI registers, impact assessment and procurement",M-05; M-14; M-15; M-16,S-01,G-11,CLM-0298; CLM-0299,CLM-0299,,CLM-0298,SRC-072,P11,false,false,false,false,,,Plausible hypothesis,research_preview
I-113,CF-038,P4-113,Publish an AI concentration and dependency dashboard across the full stack,Institutional / structural,Governance / assurance,Mandatory confidential reporting plus public aggregate indicators,"Competition authorities, AI Office, statistical agencies and public auditors",Novel; international coordination desirable,Proposed,Proposed / pending,Policy proposal,Design-ready,"Track chips, compute, cloud, models, capital ties, distribution, defaults, user reach, delegated decisions, switching costs and public-sector dependencies.","Cross-stack assets → small group of firms → bottleneck and default control → developers, institutions and citizens → constrained alternatives → agency shifts toward incumbents → economic and epistemic power concentrates → democratic vulnerability grows.",Epistemic; Decisional; Relational; Collective / institutional,Normative proposal,None,Indirect / mixed,Plausible hypothesis,Makes hidden dependencies and cross-market leverage visible before conventional market shares show tipping.,"Market-definition disputes, confidential data, double counting and misleading composite indices.","Necessity, proportionality, privacy, speech, competition, and access require context-specific review.",Layer-specific HHI; compute and cloud shares; default assistant share; multihoming; switching time; delegated-decision share; dependency centrality.,Implement now,"Decision follows legal maturity, causal plausibility, reversibility and current evidence—not a composite score.",6–18 months,No direct link,Contextual capability link,2026-08-11,No accepted metric measures concentration of agency or control over decision environments.,AI market concentration and structural oversight,M-05; M-09; M-10; M-13; M-14,S-01,G-10; G-11; G-15,CLM-0300; CLM-0301,CLM-0301,,CLM-0300,SRC-073,P12,false,false,false,false,,,Plausible hypothesis,research_preview
I-114,CF-038,P4-114,Apply presumptions and structural remedies to cross-stack AI consolidation,Institutional / structural,Technical standard / product control,"Merger presumptions, non-discrimination, interoperability and structural separation",Competition authorities and legislatures,"Novel; EU, UK and US relevant",Proposed,Proposed / pending,Policy proposal,Design-ready,"Shift evidentiary burdens for exclusivity, discriminatory defaults, cloud-model tying and acquisitions by vertically integrated gatekeepers; use separation where behavioral remedies fail.","Integrated incumbent → cloud, model, OS or platform control → tying and foreclosure → rivals and users → fewer viable alternatives → agency shifts to integrated firm → durable gatekeeping power concentrates → innovation and democratic pluralism suffer.",Collective / institutional,Normative proposal,None,Indirect / mixed,Plausible hypothesis,Acts before AI infrastructure and assistant distribution become irreversibly integrated.,"False positives, lost efficiencies, regulatory arbitrage and technical separation difficulty.","Necessity, proportionality, privacy, speech, competition, and access require context-specific review.",Entry; rival access quality; exclusivity; default shares; switching; post-remedy innovation and prices.,Monitor / shape,"Decision follows legal maturity, causal plausibility, reversibility and current evidence—not a composite score.",6–18 months,No direct link,Contextual capability link,2026-08-11,Remedy analysis should value pluralism and democratic resilience alongside consumer-price effects.,AI market concentration and structural oversight,M-13; M-14; M-15; M-16,S-01,G-11,CLM-0302; CLM-0303,CLM-0303,,CLM-0302,SRC-068,P12,false,false,false,false,,,Plausible hypothesis,research_preview
I-115,CF-040,P4-115,Create a public-interest AI option and shared public AI infrastructure,Cross-layer,Governance / assurance,"Public investment, independent governance and open infrastructure","Governments, universities, public broadcasters and civil-society consortia",Novel; national or European,Proposed,Proposed / pending,Policy proposal with partial infrastructure precedents,Design-ready,"Fund publicly governed compute, models, data commons and assistants with universal-service, transparency, language and non-commercial mandates.",Frontier resources → public or civic institution → public-interest model and assistant → citizens and public bodies → credible alternative to private gatekeepers → agency remains contestable → power is less concentrated → democratic resilience improves.,Epistemic; Collective / institutional,Normative proposal,None,Indirect / mixed,Plausible hypothesis,Creates real exit and pluralism rather than relying solely on regulating dominant private assistants.,"State capture, political influence, weak performance, procurement capture and unsustainable funding.","Necessity, proportionality, privacy, speech, competition, and access require context-specific review.",Availability; uptake; language coverage; governance independence; model quality; switching; source and viewpoint diversity.,Implement now,"Decision follows legal maturity, causal plausibility, reversibility and current evidence—not a composite score.",6–18 months,No direct link,Contextual capability link,2026-08-11,Governance must prevent public AI from becoming a centralized state persuasion infrastructure.,Public-interest compute and AI infrastructure,M-13; M-14; M-15; M-16,S-01,G-11,CLM-0304; CLM-0305,CLM-0305,,CLM-0304,SRC-074,P12,false,false,false,false,,,Plausible hypothesis,research_preview
I-116,CF-046,P4-116,Fund independent longitudinal audits and give civil society standing,Institutional / structural,Public infrastructure / capacity,"Statutory levy, accredited labs, collective complaints and representative actions","Regulators, courts, universities and accredited civil-society organizations",Novel,Proposed,Proposed / pending,Policy proposal extending DSA and AI Act mechanisms,Pilot,"Create a levy-funded audit pool, secure data access, representative testing and legal standing for qualified public-interest organizations.",Provider evidence monopoly → AI company → hidden personalization and outcomes → public and affected groups → weak detection and redress → oversight agency remains with firm → accountability power concentrates → harm persists.,Relational; Collective / institutional,Normative proposal,None,None — mechanism or proposal only,Plausible hypothesis,Builds durable external capacity rather than episodic platform-funded research.,"Capture of accreditation, privacy risk, activist selection bias and duplicative audits.","Necessity, proportionality, privacy, speech, competition, and access require context-specific review.",Audit coverage; access time; vulnerable-group inclusion; reproduced findings; complaints converted into remedies.,Pilot,"Decision follows legal maturity, causal plausibility, reversibility and current evidence—not a composite score.",Pilot — 6–18 months,No direct link,No direct link,2026-08-11,"Current access does not ensure funding, legal standing or coverage of stand-alone frontier assistants.",Independent evaluation and researcher access,M-04; M-05; M-12; M-14; M-15,C-06,G-04; G-12; G-13,CLM-0306; CLM-0307,CLM-0307,,CLM-0306,SRC-075,P13,false,false,false,false,,,Plausible hypothesis,research_preview
I-117,CF-118,P4-117,Prototype freedom-of-thought safeguards for AI-mediated influence,Institutional / structural,Policy / organizational control,ECHR/ICCPR rights plus OSCE/ODIHR emerging AI policy interpretation,"Legislatures, courts, human-rights institutions and AI regulators",International and domestic,Mixed,Applicable,Binding underlying rights by jurisdiction; AI-specific cognitive-liberty application remains emerging,Research,"Apply binding freedom-of-thought, privacy and expression rights where relevant; separately test the emerging AI-specific interpretation using concealment, consent, power asymmetry, vulnerability and deliberative impairment.","Affective inference and personalized persuasion → state or firm → covert cognitive intervention → person → altered belief or internal deliberation → mental agency transfers to controller → cognitive power concentrates → autonomy, pluralism and democracy suffer.",Epistemic; Evaluative; Collective / institutional,Legal / operational precedent,E1,None — legal existence only,Established — legal status,Protects mental autonomy even where economic loss or acute significant harm cannot be shown.,Overbreadth could chill ordinary persuasion and speech; internal mental effects are difficult to prove.,"Necessity, proportionality, privacy, speech, competition, and access require context-specific review.",Covert-influence findings; consent quality; inference disclosures; user awareness; autonomy and deliberation measures.,Research / hold,"Decision follows legal maturity, causal plausibility, reversibility and current evidence—not a composite score.",Research — 6–30 months,No direct link,No direct link,2026-08-11,Do not code cognitive liberty as an autonomous settled right. Define the boundary between legitimate persuasion and impermissible process interference.,"Freedom of thought, authorization and pluralistic civic AI",M-02; M-05; M-13; M-14; M-15,,G-01; G-04; G-12; G-14; G-15,CLM-0308; CLM-0309; CLM-0310,CLM-0310,CLM-0308,CLM-0309,SRC-081,G0; P14,false,false,false,false,,,Provisional — legal status not claim-checked,research_preview
I-118,CF-118,P4-118,Research democratic-authorization and sunset procedures for high-reach civic AI,Institutional / structural,Technical standard / product control,"Statutory authorization, sunset clause, public hearing and moratorium power","Legislatures, electoral authorities and courts",Novel,Research,Research proposal,Constitutional-significance threshold is undefined; hold legislation pending construct and procedural validation.,Research,"Subject assistants used in elections, public participation, mass civic information or core government workflows to public deliberation, legislative authorization and periodic renewal.",High-reach civic AI → provider or state → agenda setting and delegated public decisions → electorate or institution → reliance and authority shift → democratic agency transfers to system controller → constitutional power concentrates → self-government weakens.,Epistemic; Decisional; Executive; Collective / institutional,Normative proposal,None,None — mechanism or proposal only,Open question,Prevents de facto constitutional infrastructure from emerging through private product decisions alone.,"Political delay, partisan capture, vague thresholds and inability to govern cross-border services.","Necessity, proportionality, privacy, speech, competition, and access require context-specific review.",Systems reviewed; participation; conditions imposed; renewal or termination; concentration and legitimacy indicators.,Research / hold,No validated constitutional-significance threshold; procedural pilot only.,Research — 6–30 months,No direct link,Contextual capability link,2026-08-11,No existing framework defines when an assistant's reach and delegated authority become constitutionally significant.,"Freedom of thought, authorization and pluralistic civic AI",M-06; M-13; M-14; M-15; M-16,S-01,G-01; G-04; G-12; G-14; G-15,CLM-0311; CLM-0312,CLM-0312,,CLM-0311,SRC-061,G0; P14,false,false,false,false,,,Open question,research_preview
I-119,CF-074,P4-119,"Require pluralistic, user-controllable source and viewpoint architecture in dominant AI answer systems",Cross-layer,Technical standard / product control,"Transparency, interoperability and pluralism obligation","Media, digital-market and AI regulators",Novel; EU-compatible,Proposed,Proposed / pending,Policy proposal,Design-ready,"Expose source provenance, allow source-set and ranking choices, offer materially different epistemic modes and audit systematic omission or self-preferencing.","Answer-generation capability → assistant provider → synthesis and source selection → citizen → changed knowledge, salience and trust → epistemic agency shifts to assistant → agenda-setting power concentrates → pluralism and democratic deliberation decline.",Epistemic; Attentional; Decisional; Relational; Collective / institutional,Normative proposal,E1,Indirect / mixed,Plausible hypothesis,Addresses the migration from ranked links to a single synthesized answer.,"False balance, gaming by low-quality sources, cognitive overload and provider-defined viewpoint categories.","Necessity, proportionality, privacy, speech, competition, and access require context-specific review.",Source concentration; viewpoint coverage; provenance accuracy; user control use; systematic omission and self-preferencing.,Research / hold,"Decision follows legal maturity, causal plausibility, reversibility and current evidence—not a composite score.",6–18 months,No direct link,Contextual capability link,2026-08-11,Existing pluralism law protects media actors more than citizens' exposure through generative interfaces.,"Assistant anti-favoritism, loyalty and pluralism",M-05; M-08; M-12; M-13; M-14,D-01; S-01,G-01; G-04; G-07; G-10; G-12; G-15; G-16,CLM-0313; CLM-0314,CLM-0314,,CLM-0313,,P10; P12; P14,false,false,false,false,,,Plausible hypothesis,research_preview
I-120,CF-006,P4-120,"Pilot election-period safeguards using evidence tiers, not a benchmark trigger",Electoral operations,Research / evaluation,Evaluation threshold linked to election-risk obligations,"AI Office, electoral authorities, platforms, labs and Digital Services Coordinators",Novel; EU pilot suitable,Proposed,Proposed / pending,Research-linked policy proposal,Pilot,"Use APE, MASK and red teaming only to trigger human causal evaluation; stronger election-period controls require evidence of problematic process, human effect, material exposure and unresolved residual risk.","Frontier manipulation capability → model provider or campaign → scalable personalized operations → voters → belief, trust or turnout effects → electoral agency shifts to operator → political influence concentrates → election integrity and legitimacy are threatened.",Epistemic; Evaluative; Decisional; Executive; Relational; Collective / institutional,Normative proposal,E0,None — mechanism or proposal only,Plausible hypothesis,Connects frontier capability evidence to operational mitigation before observed election harm.,"Benchmark gaming, false reassurance, overbroad access restrictions and migration to open-weight or foreign providers.","Necessity, proportionality, privacy, speech, competition, and access require context-specific review.",Capability score; reach-adjusted risk; time from threshold to mitigation; circumvention; election-period incident prevalence.,Pilot,"Decision follows legal maturity, causal plausibility, reversibility and current evidence—not a composite score.",Pilot — 6–18 months,No direct link,No direct link,2026-08-11,Use T0–T3 evidence tiers and a domain-specific smallest effect of interest. Do not imply that a single capability score establishes manipulation or vote effects.,Manipulation capability-to-deployment decision logic,M-02; M-05; M-12; M-13; M-14,C-05; D-01,G-01; G-02; G-06; G-12; G-14,CLM-0315; CLM-0316,CLM-0316,,CLM-0315,SRC-053,P03,false,false,false,false,,,Plausible hypothesis,research_preview
I-121,CF-121,P4-121,Apply AI Act high-risk controls to systems intended to influence elections or voting behaviour,Electoral operations,Law / regulation,EU AI Act Annex III 8(b) and Title III high-risk duties,"Providers, deployers and market-surveillance authorities",EU/EEA,Binding — phased,Enacted / not yet applicable,Annex III 8(b) is limited to intended electoral/voting influence with direct exposure; main duties apply 2027-12-02.,Not applicable yet,"Classify AI systems whose intended purpose is to influence an election or referendum outcome or voting behaviour as high-risk and apply lifecycle risk, documentation, logging, transparency, oversight, accuracy, robustness and cybersecurity duties when the timetable applies.","Provider or campaign → intended election-influence system → voter or electorate → belief, preference or voting-behaviour change → agency shifts to system controller → electoral influence concentrates.",Epistemic; Evaluative; Decisional; Collective / institutional,Legal / operational precedent,None,None — legal existence only,Established — legal status,Creates a direct lifecycle-control hook for AI intentionally designed to influence elections or voting behaviour.,"Intent-purpose avoidance, general-purpose assistant ambiguity, delayed application, self-assessment and offshore deployment.","Constrain the category to intended election influence; protect administrative tools, lawful campaigning, satire, journalism, research, pluralism and appeal.",Systems identified; conformity and deployer assessments; control closure; incidents; false inclusion/exclusion; complaints and appeals.,Prepare,Prepare implementation; do not code future duties as current effectiveness.,2027-12-02,No direct link,Contextual capability link,2026-08-11,Central omitted legal hook. It is not a general political-persuasion ban and does not validate an agency-transfer score.,Apply AI Act high-risk controls to systems intended to influence elections or voting behaviour,M-01; M-03; M-12; M-13; M-14,C-05,G-14,CLM-0317; CLM-0318; CLM-0319,CLM-0319,CLM-0317,CLM-0318,SRC-084; SRC-111,,false,true,false,false,,,Established — legal status,research_preview
