claim_id,atomic_claim,claim_type,evidence_origin,endpoint,epistemic_status,directness,claim_status,as_of_date,notes
CLM-0001,"Root-purpose provenance across multi-agent handoffs targets Bind every delegated subtask, tool call, generated artifact, and terminal action to a signed root-purpose record, with explicit scope changes and controller identity. at Capability → controller → delegated vector; expected agency domain: Executive; decisional; collective / institutional.",Mechanism,Project — confirmatory mechanism,Mechanism / agency,Established evidence,Direct,Active,2026-08-11,Mechanism claim is distinct from evidence that the control works.
CLM-0002,None — mechanism or proposal only. Expected effect if the control works: Makes harmful composition inspectable and prevents local compliance from substituting for end-to-end purpose review.,Control effectiveness,Project — confirmatory mechanism,Control effectiveness,Plausible hypothesis,None,Active,2026-08-11,Do not upgrade this claim from Plausible hypothesis because a legal duty or risk mechanism exists.
CLM-0003,"Workflow-level global guard before consequential completion targets Evaluate the cumulative plan, intermediate artifacts, recipient, scale, target, and foreseeable downstream use immediately before a consequential action is executed. at Vector → target → consequential action; expected agency domain: Executive; decisional.",Mechanism,Project — confirmatory mechanism,Mechanism / agency,Established evidence,Direct,Active,2026-08-11,Mechanism claim is distinct from evidence that the control works.
CLM-0004,None — mechanism or proposal only. Expected effect if the control works: Restores end-to-end review at the point where reversible assistance becomes real-world harm.,Control effectiveness,Project — confirmatory mechanism,Control effectiveness,Plausible hypothesis,None,Active,2026-08-11,Do not upgrade this claim from Plausible hypothesis because a legal duty or risk mechanism exists.
CLM-0005,"Machine-readable authorization boundaries and least privilege for agents targets Express purpose, permitted tools, targets, data, spend, duration, audience, and escalation conditions as enforceable grants; require renewed confirmation for high-impact deviations. at Controller → vector; expected agency domain: Executive; decisional; institutional.",Mechanism,Project — exploratory,Mechanism / agency,Plausible hypothesis,Conditional,Active,2026-08-11,Mechanism claim is distinct from evidence that the control works.
CLM-0006,None — mechanism or proposal only. Expected effect if the control works: Preserves meaningful delegation while preventing quiet expansion of an agent's authority.,Control effectiveness,Project — exploratory,Control effectiveness,Plausible hypothesis,None,Active,2026-08-11,Do not upgrade this claim from Plausible hypothesis because a legal duty or risk mechanism exists.
CLM-0007,"Tamper-evident workflow traces and election evidence preservation targets Record model/version, controller, root purpose, tool permissions, consequential actions, delivery endpoints, and intervention events in privacy-preserving tamper-evident logs with legal hold and researcher-access paths. at Change → agency transfer → accountability; expected agency domain: Collective / institutional; epistemic.",Mechanism,Project — exploratory,Mechanism / agency,Plausible hypothesis,Conditional,Active,2026-08-11,Mechanism claim is distinct from evidence that the control works.
CLM-0008,"Indirect / mixed. Expected effect if the control works: Makes investigation, remedy, independent audit, and policy learning possible after fast-moving incidents.",Control effectiveness,Project — exploratory,Control effectiveness,Strong inference,Indirect,Active,2026-08-11,Do not upgrade this claim from Strong inference because a legal duty or risk mechanism exists.
CLM-0009,"Longitudinal APE–MASK–manipulation evaluation suite targets Run a staged evaluation from harmful-persuasion propensity and pressured deception to contextual efficacy, adaptive attacks, agent scaffolds, personalization, and 7-, 30-, and 90-day agency outcomes. at Capability → vector → target → change; expected agency domain: Evaluative; decisional; relational.",Mechanism,Normative proposal,Model behavior / capability,Plausible hypothesis,Conditional,Active,2026-08-11,Mechanism claim is distinct from evidence that the control works.
CLM-0010,"None — mechanism or proposal only. Expected effect if the control works: Separates propensity, deception, efficacy, durability, safeguard robustness, and deployment scale.",Control effectiveness,Normative proposal,Control effectiveness,Plausible hypothesis,None,Active,2026-08-11,Do not upgrade this claim from Plausible hypothesis because a legal duty or risk mechanism exists.
CLM-0011,"Manipulation capability–reach threshold tied to release and deployment decisions targets Combine validated manipulation capability, safeguard robustness, release reversibility, personalization, tool access, likely reach, and election timing into graduated obligations. at Capability → controller → vector → scale; expected agency domain: Evaluative; decisional; collective / institutional.",Mechanism,Normative proposal,Model behavior / capability,Open question,Conditional,Active,2026-08-11,Mechanism claim is distinct from evidence that the control works.
CLM-0012,None — mechanism or proposal only. Expected effect if the control works: Connects research evidence to consequential policy action while scaling controls to actual risk and reversibility.,Control effectiveness,Normative proposal,Control effectiveness,Plausible hypothesis,None,Active,2026-08-11,Do not upgrade this claim from Plausible hypothesis because a legal duty or risk mechanism exists.
CLM-0013,"Election access-risk observatory for frontier and open-weight releases targets Track release dates, access modality, derivatives, safeguard state, language coverage, campaign tooling, election windows, and incident signals without publishing reproducible misuse pathways. at Capability → controller → vector → target; expected agency domain: Collective / institutional; epistemic.",Mechanism,Normative proposal,Mechanism / agency,Plausible hypothesis,Conditional,Active,2026-08-11,Mechanism claim is distinct from evidence that the control works.
CLM-0014,"None — mechanism or proposal only. Expected effect if the control works: Identifies when a capability change should trigger tabletop exercises, platform contacts, monitoring, or independent tests.",Control effectiveness,Normative proposal,Control effectiveness,Plausible hypothesis,None,Active,2026-08-11,Do not upgrade this claim from Plausible hypothesis because a legal duty or risk mechanism exists.
CLM-0015,"Official-source grounding for verifiable election-administration facts targets Ground answers about registration, eligibility, polling places, voting procedures and certified results in current authoritative election sources, with citations and escalation when sources conflict. at Vector → target → belief or behavior change; expected agency domain: Epistemic; decisional; collective / institutional.",Mechanism,Normative proposal,Mechanism / agency,Established evidence,Conditional,Active,2026-08-11,Mechanism claim is distinct from evidence that the control works.
CLM-0016,Direct component evidence. Expected effect if the control works: Reduces preventable administrative disenfranchisement and makes correction operational rather than merely declaratory.,Control effectiveness,Normative proposal,Control effectiveness,Established evidence,Direct,Active,2026-08-11,Do not upgrade this claim from Established evidence because a legal duty or risk mechanism exists.
CLM-0017,"Proposed capability-plus-reach systemic-risk trigger targets Propose a second policy screen combining measured capability with reach, tool access, scalability and release modality; do not treat this as the current AI Act Article 51 rule. at capability growth → frontier provider → model or API → population and institutions → scalable influence → agency transfer to provider or operator; expected agency domain: Executive; Collective / institutional.",Mechanism,Normative proposal,Model behavior / capability,Plausible hypothesis,Conditional,Active,2026-08-11,Mechanism claim is distinct from evidence that the control works.
CLM-0018,"None — mechanism or proposal only. Expected effect if the control works: Avoids relying only on FLOP thresholds and can capture highly persuasive, agentic or widely distributed models below a compute threshold",Control effectiveness,Normative proposal,Control effectiveness,Plausible hypothesis,None,Active,2026-08-11,Do not upgrade this claim from Plausible hypothesis because a legal duty or risk mechanism exists.
CLM-0019,"As of 2026-08-11, Harmful manipulation as a specified systemic-risk domain is coded Voluntary / private / Operational voluntary. Scope: implemented through AI Act compliance practice",Legal status / scope,Legal / operational precedent,Legal existence,Strong inference,Indirect,Active,2026-08-11,Legal status never implies control effectiveness.
CLM-0020,"Harmful manipulation as a specified systemic-risk domain targets Require identification and assessment of persuasion, deception and personalised targeting in multi-turn, high-stakes contexts at persuasive capability → provider or malicious user → personalised dialogue → voter or decision-maker → covert belief or behaviour change → agency transfer → democratic harm; expected agency domain: Epistemic; Evaluative; Decisional; Collective / institutional.",Mechanism,Normative proposal,Model behavior / capability,Plausible hypothesis,Conditional,Active,2026-08-11,Mechanism claim is distinct from evidence that the control works.
CLM-0021,Indirect / mixed. Expected effect if the control works: Makes manipulation a first-class frontier risk rather than treating it only as misinformation or content safety,Control effectiveness,Normative proposal,Control effectiveness,Strong inference,Indirect,Active,2026-08-11,Do not upgrade this claim from Strong inference because a legal duty or risk mechanism exists.
CLM-0022,"APE-style harmful-persuasion propensity diagnostic — not a release gate targets Test whether a model attempts persuasion on harmful and election-relevant objectives across direct, indirect and multi-turn prompts at instruction following → campaign or influence actor → generated persuasive dialogue → voter → attempted preference shaping → agency transfer; expected agency domain: Evaluative; Decisional; Collective / institutional.",Mechanism,External empirical,Model behavior / capability,Plausible hypothesis,Conditional,Active,2026-08-11,Mechanism claim is distinct from evidence that the control works.
CLM-0023,None — mechanism or proposal only. Expected effect if the control works: Detects willingness to persuade where generic harmful-content benchmarks and direct-request refusal tests miss risk,Control effectiveness,External empirical,Control effectiveness,Plausible hypothesis,None,Active,2026-08-11,Do not upgrade this claim from Plausible hypothesis because a legal duty or risk mechanism exists.
CLM-0024,"As of 2026-08-11, Context-specific manipulation efficacy evaluation is coded Voluntary / private / Operational voluntary. Scope: implemented by Google DeepMind; recommended as common requirement",Legal status / scope,Legal / operational precedent,Legal existence,Strong inference,Indirect,Active,2026-08-11,Legal status never implies control effectiveness.
CLM-0025,Context-specific manipulation efficacy evaluation targets Measure both manipulative tactics and actual belief or behaviour change in controlled high-stakes interactions across locales at manipulative capability → provider or operator → contextual dialogue → person → belief or behavioural change → loss of reflective agency; expected agency domain: Epistemic; Evaluative.,Mechanism,Normative proposal,Human persistence / low-cost behavior,Plausible hypothesis,Conditional,Active,2026-08-11,Mechanism claim is distinct from evidence that the control works.
CLM-0026,None — mechanism or proposal only. Expected effect if the control works: Separates propensity from efficacy and tests process and outcome harms in contexts where manipulation may actually work,Control effectiveness,Normative proposal,Control effectiveness,Plausible hypothesis,None,Active,2026-08-11,Do not upgrade this claim from Plausible hypothesis because a legal duty or risk mechanism exists.
CLM-0027,"MASK-style honesty and pressured-deception diagnostic — not a manipulation gate targets Test whether a model knowingly contradicts its represented beliefs when instructed, incentivised or pressured to deceive at deceptive propensity → model or agent controller → trusted answer or recommendation → user or official → false belief under asymmetric trust → agency transfer; expected agency domain: Epistemic; Decisional; Executive; Relational.",Mechanism,External empirical,Model behavior / capability,Plausible hypothesis,Conditional,Active,2026-08-11,Mechanism claim is distinct from evidence that the control works.
CLM-0028,None — mechanism or proposal only. Expected effect if the control works: Adds intentional or pressure-induced deception to manipulation evaluation instead of conflating honesty with factual accuracy,Control effectiveness,External empirical,Control effectiveness,Plausible hypothesis,None,Active,2026-08-11,Do not upgrade this claim from Plausible hypothesis because a legal duty or risk mechanism exists.
CLM-0029,"As of 2026-08-11, Adaptive jailbreak, fine-tuning and abliteration robustness testing is coded Mixed / Applicable. Scope: Article 55 duties bind systemic-risk GPAI providers; NIST/Code testing methods remain voluntary compliance choices.",Legal status / scope,Legal / operational precedent,Legal existence,Strong inference,Indirect,Active,2026-08-11,Legal status never implies control effectiveness.
CLM-0030,"Adaptive jailbreak, fine-tuning and abliteration robustness testing targets Evaluate mitigations under adaptive prompting, safety-removal fine-tunes, altered system prompts, scaffolds and abliterated checkpoints at latent capability → adversarial modifier → safeguard removal → influence campaign → harmful persuasion at scale → agency transfer; expected agency domain: Evaluative.",Mechanism,Project — exploratory,Mechanism / agency,Established evidence,Conditional,Active,2026-08-11,Mechanism claim is distinct from evidence that the control works.
CLM-0031,None — legal existence only. Expected effect if the control works: Tests the actual threat model demonstrated by open weights and Part 1 rather than relying on default-chat refusals,Control effectiveness,Project — exploratory,Control effectiveness,Open question,None,Active,2026-08-11,Do not upgrade this claim from Open question because a legal duty or risk mechanism exists.
CLM-0032,"As of 2026-08-11, Agent-scaffold and tool-access evaluation is coded Voluntary / private / Operational voluntary. Scope: evaluation infrastructure implemented; policy gate recommended",Legal status / scope,Legal / operational precedent,Legal existence,Strong inference,Indirect,Active,2026-08-11,Legal status never implies control effectiveness.
CLM-0033,"Agent-scaffold and tool-access evaluation targets Test models with realistic memory, browsing, tools, parallelism, long horizons and campaign-like scaffolding at agentic capability → operator → tools and persistent workflow → target population → adaptive repeated influence → agency transfer at scale; expected agency domain: Evaluative; Executive.",Mechanism,Project — exploratory,Mechanism / agency,Plausible hypothesis,Conditional,Active,2026-08-11,Mechanism claim is distinct from evidence that the control works.
CLM-0034,None — mechanism or proposal only. Expected effect if the control works: Reveals capabilities hidden by single-turn model tests and measures end-to-end campaign assistance,Control effectiveness,Project — exploratory,Control effectiveness,Plausible hypothesis,None,Active,2026-08-11,Do not upgrade this claim from Plausible hypothesis because a legal duty or risk mechanism exists.
CLM-0035,"Independent evaluator access to capable and minimally mitigated models targets Give qualified external evaluators timely access to the strongest model, relevant internals and the version with the fewest safeguards at provider information asymmetry → independent testing → credible risk evidence → constrained release decision → reduced agency concentration; expected agency domain: Epistemic; Decisional; Relational; Collective / institutional.",Mechanism,Normative proposal,Mechanism / agency,Plausible hypothesis,Conditional,Active,2026-08-11,Mechanism claim is distinct from evidence that the control works.
CLM-0036,"None — mechanism or proposal only. Expected effect if the control works: Reduces self-assessment bias and permits realistic APE, MASK and red-team testing before irreversible release",Control effectiveness,Normative proposal,Control effectiveness,Plausible hypothesis,None,Active,2026-08-11,Do not upgrade this claim from Plausible hypothesis because a legal duty or risk mechanism exists.
CLM-0037,"Pre-release safety case and Safety and Security Model Report targets For signatories, document systemic-risk reasoning in the Safety and Security Model Report; a regulator-filed pre-release safety case or release condition is a further proposal. at capability evidence → provider decision → release modality → public exposure → residual manipulation risk → accountability for agency transfer; expected agency domain: Evaluative; Decisional; Collective / institutional.",Mechanism,Normative proposal,Mechanism / agency,Plausible hypothesis,Conditional,Active,2026-08-11,Mechanism claim is distinct from evidence that the control works.
CLM-0038,"None — mechanism or proposal only. Expected effect if the control works: Forces evaluation results, assumptions, mitigations, uncertainty and release reasoning into one auditable decision record",Control effectiveness,Normative proposal,Control effectiveness,Plausible hypothesis,None,Active,2026-08-11,Do not upgrade this claim from Plausible hypothesis because a legal duty or risk mechanism exists.
CLM-0039,"As of 2026-08-11, Continuous post-deployment re-evaluation is coded Binding — limited scope / Applicable. Scope: Binding Article 55 duties for GPAI with systemic risk; monitoring methods remain under development.",Legal status / scope,Legal / operational precedent,Legal existence,Strong inference,Indirect,Active,2026-08-11,Legal status never implies control effectiveness.
CLM-0040,"Continuous post-deployment re-evaluation targets Repeat risk assessment after post-training, new tools, higher inference compute, new integrations, incidents or observed drift at deployment change → provider or integrator → altered model affordances → users → emergent influence or dependency → agency transfer; expected agency domain: Executive; Relational.",Mechanism,Legal / operational precedent,Mechanism / agency,Established evidence,Conditional,Active,2026-08-11,Mechanism claim is distinct from evidence that the control works.
CLM-0041,"None — legal existence only. Expected effect if the control works: Addresses risks that static pre-release benchmarks cannot observe, including adaptive relationships and integration effects",Control effectiveness,Legal / operational precedent,Control effectiveness,Open question,None,Active,2026-08-11,Do not upgrade this claim from Open question because a legal duty or risk mechanism exists.
CLM-0042,"Serious-incident reporting plus a proposed manipulation near-miss register targets Report serious incidents under the binding AI Act duty; separately pilot protected reporting of manipulation near misses, safeguard bypass and deceptive agent behaviour. at deployed model → operator or autonomous agent → harmful influence event → affected public → detected agency loss → corrective action; expected agency domain: Evaluative; Executive; Collective / institutional.",Mechanism,Normative proposal,Mechanism / agency,Plausible hypothesis,Conditional,Active,2026-08-11,Mechanism claim is distinct from evidence that the control works.
CLM-0043,"Indirect / mixed. Expected effect if the control works: Creates feedback between real misuse and model evaluation, safeguards and regulatory thresholds",Control effectiveness,Normative proposal,Control effectiveness,Strong inference,Indirect,Active,2026-08-11,Do not upgrade this claim from Strong inference because a legal duty or risk mechanism exists.
CLM-0044,"As of 2026-08-11, Independent systemic-risk executive and board accountability is coded Voluntary / private / Partial / verify. Scope: Code commitment for signatories; not a standalone statutory governance duty",Legal status / scope,Legal / operational precedent,Legal existence,Strong inference,Indirect,Active,2026-08-11,Legal status never implies control effectiveness.
CLM-0045,"Independent systemic-risk executive and board accountability targets Assign risk oversight to an executive independent of core capability and product functions, with documented escalation at commercial pressure → provider governance → release decision → public exposure → unchecked influence capability → concentrated power; expected agency domain: Decisional; Relational; Collective / institutional.",Mechanism,Normative proposal,Mechanism / agency,Plausible hypothesis,Conditional,Active,2026-08-11,Mechanism claim is distinct from evidence that the control works.
CLM-0046,Indirect / mixed. Expected effect if the control works: Reduces conflicts between model release incentives and manipulation-risk findings,Control effectiveness,Normative proposal,Control effectiveness,Strong inference,Indirect,Active,2026-08-11,Do not upgrade this claim from Strong inference because a legal duty or risk mechanism exists.
CLM-0047,"As of 2026-08-11, Frontier-safety whistleblower protection is coded Binding / Applicable. Scope: implemented",Legal status / scope,Legal / operational precedent,Legal existence,Strong inference,Indirect,Active,2026-08-11,Legal status never implies control effectiveness.
CLM-0048,"Frontier-safety whistleblower protection targets Protect employees reporting concealed risk, misleading safety claims or framework noncompliance and provide anonymous channels at internal risk knowledge → employee disclosure → regulator or board action → constrained unsafe release → reduced provider power asymmetry; expected agency domain: Multiple / context-dependent.",Mechanism,Legal / operational precedent,Mechanism / agency,Established evidence,Conditional,Active,2026-08-11,Mechanism claim is distinct from evidence that the control works.
CLM-0049,None — legal existence only. Expected effect if the control works: Improves detection of suppressed evaluation failures and misleading public safety claims,Control effectiveness,Legal / operational precedent,Control effectiveness,Open question,None,Active,2026-08-11,Do not upgrade this claim from Open question because a legal duty or risk mechanism exists.
CLM-0050,"As of 2026-08-11, Staged and differential model access is coded Voluntary / private / Operational voluntary. Scope: implemented by some providers and recognised in EU Code",Legal status / scope,Legal / operational precedent,Legal existence,Strong inference,Indirect,Active,2026-08-11,Legal status never implies control effectiveness.
CLM-0051,"Staged and differential model access targets Begin with limited, vetted API access and expand only after monitoring; withhold downloadable weights where residual risk is unacceptable at capability → provider-controlled access → vetted operator → bounded influence vector → reduced scale of agency transfer; expected agency domain: Multiple / context-dependent.",Mechanism,Normative proposal,Model behavior / capability,Plausible hypothesis,Conditional,Active,2026-08-11,Mechanism claim is distinct from evidence that the control works.
CLM-0052,"None — mechanism or proposal only. Expected effect if the control works: Preserves monitoring, rate limiting, intervention and withdrawal options while uncertainty is high",Control effectiveness,Normative proposal,Control effectiveness,Plausible hypothesis,None,Active,2026-08-11,Do not upgrade this claim from Plausible hypothesis because a legal duty or risk mechanism exists.
CLM-0053,"Risk-tiered API identity and campaign-account verification targets Verify high-volume or high-risk customers, beneficial ownership and resellers; retain privacy-preserving attribution records at API capability → campaign or intermediary → high-volume generation → targeted electorate → adaptive manipulation → attributable operator; expected agency domain: Evaluative.",Mechanism,Normative proposal,Mechanism / agency,Plausible hypothesis,Conditional,Active,2026-08-11,Mechanism claim is distinct from evidence that the control works.
CLM-0054,Indirect / mixed. Expected effect if the control works: Raises the cost of anonymous industrial-scale abuse and improves incident investigation,Control effectiveness,Normative proposal,Control effectiveness,Strong inference,Indirect,Active,2026-08-11,Do not upgrade this claim from Strong inference because a legal duty or risk mechanism exists.
CLM-0055,"As of 2026-08-11, Technical enforcement for Article 5-qualified manipulative practices is coded Binding / Applicable. Scope: Binding prohibition applicable; model- and service-layer implementation uneven",Legal status / scope,Legal / operational precedent,Legal existence,Established evidence,Direct,Active,2026-08-11,Legal status never implies control effectiveness.
CLM-0056,"Technical enforcement for Article 5-qualified manipulative practices targets Build classifiers, account controls, rate limits and escalation for uses that satisfy the Article 5 conjunctive test; do not encode a general prohibition on political persuasion. at model capability → political operator → deceptive or vulnerability-exploiting interaction → voter → significant harm and agency loss; expected agency domain: Evaluative; Decisional.",Mechanism,Legal / operational precedent,Human immediate outcome,Established evidence,Conditional,Active,2026-08-11,Mechanism claim is distinct from evidence that the control works.
CLM-0057,None — legal existence only. Expected effect if the control works: Connects abstract prohibition to detectable provider-side abuse patterns,Control effectiveness,Legal / operational precedent,Control effectiveness,Open question,None,Active,2026-08-11,Do not upgrade this claim from Open question because a legal duty or risk mechanism exists.
CLM-0058,"Release-modality safety case for open-weight models targets Pilot pre-release assessment and independent review based on capability, modifiability, reach, reversibility and residual risk before irreversible weight release. at frontier capability → weight publisher → unrestricted modifier → abliterated or fine-tuned model → scalable manipulation → irreversible agency transfer capacity; expected agency domain: Evaluative; Relational.",Mechanism,Normative proposal,Model behavior / capability,Plausible hypothesis,Conditional,Active,2026-08-11,Mechanism claim is distinct from evidence that the control works.
CLM-0059,"None — mechanism or proposal only. Expected effect if the control works: Moves risk assessment before the point at which safeguards, monitoring and withdrawal become impossible",Control effectiveness,Normative proposal,Control effectiveness,Plausible hypothesis,None,Active,2026-08-11,Do not upgrade this claim from Plausible hypothesis because a legal duty or risk mechanism exists.
CLM-0060,"As of 2026-08-11, Open-weight ecosystem monitoring and release registry is coded Voluntary / private / Operational voluntary. Scope: recommended by NTIA; fragmented implementation",Legal status / scope,Legal / operational precedent,Legal existence,Strong inference,Indirect,Active,2026-08-11,Legal status never implies control effectiveness.
CLM-0061,"Open-weight ecosystem monitoring and release registry targets Maintain a registry of weight releases, derivatives, capability evaluations, licences, hashes and observed misuse or safeguard removal at weight release → distributed modifiers → derivative models → opaque deployment → public influence → reduced supervisory visibility; expected agency domain: Collective / institutional.",Mechanism,Normative proposal,Model behavior / capability,Plausible hypothesis,Conditional,Active,2026-08-11,Mechanism claim is distinct from evidence that the control works.
CLM-0062,Indirect / mixed. Expected effect if the control works: Improves visibility without immediately prohibiting open-weight development,Control effectiveness,Normative proposal,Control effectiveness,Strong inference,Indirect,Active,2026-08-11,Do not upgrade this claim from Strong inference because a legal duty or risk mechanism exists.
CLM-0063,"As of 2026-08-11, Frontier model-weight cybersecurity standard is coded Mixed / Applicable. Scope: Binding cybersecurity duty for GPAI with systemic risk; Code methods are voluntary; California scope is separate.",Legal status / scope,Legal / operational precedent,Legal existence,Strong inference,Indirect,Active,2026-08-11,Legal status never implies control effectiveness.
CLM-0064,"Frontier model-weight cybersecurity standard targets Protect unreleased weights with least privilege, strong identity controls, hardened interfaces, encryption, confidential computing and exfiltration testing at frontier weights → theft or insider → uncontrolled deployment → malicious actor → scalable harmful capability → loss of provider control; expected agency domain: Multiple / context-dependent.",Mechanism,Legal / operational precedent,Model behavior / capability,Established evidence,Conditional,Active,2026-08-11,Mechanism claim is distinct from evidence that the control works.
CLM-0065,None — legal existence only. Expected effect if the control works: Reduces unauthorised conversion of controlled models into unmonitored or abliterated deployments,Control effectiveness,Legal / operational precedent,Control effectiveness,Open question,None,Active,2026-08-11,Do not upgrade this claim from Open question because a legal duty or risk mechanism exists.
CLM-0066,"As of 2026-08-11, Mandatory downstream model documentation is coded Binding / Applicable. Scope: implemented",Legal status / scope,Legal / operational precedent,Legal existence,Strong inference,Indirect,Active,2026-08-11,Legal status never implies control effectiveness.
CLM-0067,"Mandatory downstream model documentation targets Provide integrators with current information on capabilities, limitations, intended uses, evaluation results and safeguard assumptions at provider knowledge → downstream integrator → assistant or agent design → user → hidden model limits → preventable agency transfer; expected agency domain: Epistemic; Executive.",Mechanism,Legal / operational precedent,Model behavior / capability,Established evidence,Conditional,Active,2026-08-11,Mechanism claim is distinct from evidence that the control works.
CLM-0068,"None — legal existence only. Expected effect if the control works: Lets downstream systems implement context-specific manipulation, memory and tool controls",Control effectiveness,Legal / operational precedent,Control effectiveness,Open question,None,Active,2026-08-11,Do not upgrade this claim from Open question because a legal duty or risk mechanism exists.
CLM-0069,"As of 2026-08-11, Machine-readable provenance for synthetic outputs is coded Binding / Applicable. Scope: implemented from 2026-08-02 in EU and 2025-09-01 in China",Legal status / scope,Legal / operational precedent,Legal existence,Strong inference,Indirect,Active,2026-08-11,Legal status never implies control effectiveness.
CLM-0070,"Machine-readable provenance for synthetic outputs targets Embed robust, interoperable and detectable markers in generated text, audio, image and video, with visible labels for covered content at generation capability → model provider → synthetic political content → public → mistaken authenticity → epistemic agency transfer; expected agency domain: Epistemic; Collective / institutional.",Mechanism,Legal / operational precedent,Model behavior / capability,Established evidence,Conditional,Active,2026-08-11,Mechanism claim is distinct from evidence that the control works.
CLM-0071,None — legal existence only. Expected effect if the control works: Improves attribution and detection of synthetic campaign material,Control effectiveness,Legal / operational precedent,Control effectiveness,Open question,None,Active,2026-08-11,Do not upgrade this claim from Open question because a legal duty or risk mechanism exists.
CLM-0072,"As of 2026-08-11, Agent identity, least privilege and high-impact confirmation is coded Voluntary / private / Operational voluntary. Scope: standards initiative implemented; controls under development",Legal status / scope,Legal / operational precedent,Legal existence,Strong inference,Indirect,Active,2026-08-11,Legal status never implies control effectiveness.
CLM-0073,"Agent identity, least privilege and high-impact confirmation targets Give agents verifiable identities, scoped permissions, short-lived credentials and mandatory human confirmation for consequential actions at agentic model → delegated tools → communication or account action → citizen or institution → autonomous influence → agency transfer; expected agency domain: Executive; Collective / institutional.",Mechanism,Project — exploratory,Mechanism / agency,Plausible hypothesis,Conditional,Active,2026-08-11,Mechanism claim is distinct from evidence that the control works.
CLM-0074,"Indirect / mixed. Expected effect if the control works: Constrains agents from autonomously escalating persuasion campaigns, impersonating users or acting beyond delegated intent",Control effectiveness,Project — exploratory,Control effectiveness,Strong inference,Indirect,Active,2026-08-11,Do not upgrade this claim from Strong inference because a legal duty or risk mechanism exists.
CLM-0075,"As of 2026-08-11, Long-horizon agency and dependency monitoring is coded Voluntary / private / Operational voluntary. Scope: recommended; methods nascent",Legal status / scope,Legal / operational precedent,Legal existence,Strong inference,Indirect,Active,2026-08-11,Legal status never implies control effectiveness.
CLM-0076,"Long-horizon agency and dependency monitoring targets Audit persistent memory, repeated recommendations, emotional cues, reliance and preference drift over extended interactions at memory and personalisation → assistant provider → repeated intimate interaction → user → dependency and preference shaping → cumulative agency transfer; expected agency domain: Evaluative; Decisional; Executive; Relational.",Mechanism,Normative proposal,Human persistence / low-cost behavior,Plausible hypothesis,Conditional,Active,2026-08-11,Mechanism claim is distinct from evidence that the control works.
CLM-0077,None — mechanism or proposal only. Expected effect if the control works: Targets the project’s central risk that manipulation becomes relational infrastructure rather than a single persuasive message,Control effectiveness,Normative proposal,Control effectiveness,Plausible hypothesis,None,Active,2026-08-11,Do not upgrade this claim from Plausible hypothesis because a legal duty or risk mechanism exists.
CLM-0078,"As of 2026-08-11, Threshold-triggered notification for GPAI systemic-risk classification is coded Binding — limited scope / Applicable. Scope: Article 52 notification is threshold-triggered; no general advance notification of training runs.",Legal status / scope,Legal / operational precedent,Legal existence,Established evidence,Direct,Active,2026-08-11,Legal status never implies control effectiveness.
CLM-0079,Threshold-triggered notification for GPAI systemic-risk classification targets Notify the Commission without delay and within two weeks when Article 51 high-impact capability is met or expected to be met; do not treat this as general pre-training notification. at planned capability scale-up → developer → regulator notice → early evaluation → deployment constraints before public exposure; expected agency domain: Collective / institutional.,Mechanism,Legal / operational precedent,Mechanism / agency,Established evidence,Conditional,Active,2026-08-11,Mechanism claim is distinct from evidence that the control works.
CLM-0080,None — legal existence only. Expected effect if the control works: Gives regulators time to commission manipulation and agentic testing before launch,Control effectiveness,Legal / operational precedent,Control effectiveness,Open question,None,Active,2026-08-11,Do not upgrade this claim from Open question because a legal duty or risk mechanism exists.
CLM-0081,"As of 2026-08-11, Regulator model-access, evaluation, mitigation and recall powers is coded Binding / Applicable. Scope: implemented",Legal status / scope,Legal / operational precedent,Legal existence,Strong inference,Indirect,Active,2026-08-11,Legal status never implies control effectiveness.
CLM-0082,"Regulator model-access, evaluation, mitigation and recall powers targets Allow the regulator to demand information, run evaluations, order mitigations and withdraw or recall a non-compliant model at provider-controlled evidence → independent regulator → enforceable finding → release or access change → reduced public exposure; expected agency domain: Epistemic; Relational; Collective / institutional.",Mechanism,Legal / operational precedent,Mechanism / agency,Established evidence,Conditional,Active,2026-08-11,Mechanism claim is distinct from evidence that the control works.
CLM-0083,None — legal existence only. Expected effect if the control works: Turns safety reports and manipulation evaluations into potentially consequential oversight,Control effectiveness,Legal / operational precedent,Control effectiveness,Open question,None,Active,2026-08-11,Do not upgrade this claim from Open question because a legal duty or risk mechanism exists.
CLM-0084,"As of 2026-08-11, Certified AI management system as procurement or licensing condition is coded Voluntary / private / Operational voluntary. Scope: standard implemented; mandatory use recommended selectively",Legal status / scope,Legal / operational precedent,Legal existence,Strong inference,Indirect,Active,2026-08-11,Legal status never implies control effectiveness.
CLM-0085,"Certified AI management system as procurement or licensing condition targets Require an independently audited AI management system with risk ownership, lifecycle controls, monitoring and continual improvement at provider organisation → governance processes → model lifecycle → downstream public systems → reduced unmanaged influence risk; expected agency domain: Relational; Collective / institutional.",Mechanism,Normative proposal,Mechanism / agency,Plausible hypothesis,Conditional,Active,2026-08-11,Mechanism claim is distinct from evidence that the control works.
CLM-0086,Indirect / mixed. Expected effect if the control works: Provides auditable organisational infrastructure for repeated evaluation and incident response,Control effectiveness,Normative proposal,Control effectiveness,Strong inference,Indirect,Active,2026-08-11,Do not upgrade this claim from Strong inference because a legal duty or risk mechanism exists.
CLM-0087,"As of 2026-08-11, Democracy and agency impact assessment is coded Non-binding official guidance / Operational voluntary. Scope: HUDERIA is non-binding; CETS 225 is not yet in force.",Legal status / scope,Legal / operational precedent,Legal existence,Strong inference,Indirect,Active,2026-08-11,Legal status never implies control effectiveness.
CLM-0088,"Democracy and agency impact assessment targets Assess scale, scope, likelihood, reversibility and stakeholder impacts on autonomy, opinion formation and democratic processes at model and deployment design → controlling actor → influence environment → affected publics → agency transfer → democratic concentration; expected agency domain: Collective / institutional.",Mechanism,Legal / operational precedent,Mechanism / agency,Plausible hypothesis,Conditional,Active,2026-08-11,Mechanism claim is distinct from evidence that the control works.
CLM-0089,None — mechanism or proposal only. Expected effect if the control works: Captures autonomy and democratic harms omitted by catastrophic-risk frameworks,Control effectiveness,Legal / operational precedent,Control effectiveness,Plausible hypothesis,None,Active,2026-08-11,Do not upgrade this claim from Plausible hypothesis because a legal duty or risk mechanism exists.
CLM-0090,"As of 2026-08-11, International frontier-risk reporting framework is coded Voluntary / private / Operational voluntary. Scope: implemented",Legal status / scope,Legal / operational precedent,Legal existence,Strong inference,Indirect,Active,2026-08-11,Legal status never implies control effectiveness.
CLM-0091,"International frontier-risk reporting framework targets Standardise voluntary disclosures on risk identification, evaluation, incident management, security and transparency across providers at cross-border providers → comparable reporting → regulator and public scrutiny → convergent controls → reduced jurisdictional arbitrage; expected agency domain: Collective / institutional.",Mechanism,Normative proposal,Mechanism / agency,Plausible hypothesis,Conditional,Active,2026-08-11,Mechanism claim is distinct from evidence that the control works.
CLM-0092,Indirect / mixed. Expected effect if the control works: Creates comparable evidence across providers and jurisdictions without waiting for a global treaty,Control effectiveness,Normative proposal,Control effectiveness,Strong inference,Indirect,Active,2026-08-11,Do not upgrade this claim from Strong inference because a legal duty or risk mechanism exists.
CLM-0093,"As of 2026-08-11, Security assessment and algorithm filing for socially mobilising generative AI is coded Binding / Applicable. Scope: implemented",Legal status / scope,Legal / operational precedent,Legal existence,Strong inference,Indirect,Active,2026-08-11,Legal status never implies control effectiveness.
CLM-0094,"Security assessment and algorithm filing for socially mobilising generative AI targets Require security assessment, algorithm filing and regulatory cooperation for services with public-opinion or social-mobilisation capacity at generative capability → service provider → mass communication → population → opinion mobilisation → state-supervised deployment; expected agency domain: Collective / institutional.",Mechanism,Legal / operational precedent,Mechanism / agency,Established evidence,Conditional,Active,2026-08-11,Mechanism claim is distinct from evidence that the control works.
CLM-0095,None — legal existence only. Expected effect if the control works: Demonstrates a direct model-service trigger based on influence and mobilisation capability,Control effectiveness,Legal / operational precedent,Control effectiveness,Open question,None,Active,2026-08-11,Do not upgrade this claim from Open question because a legal duty or risk mechanism exists.
CLM-0096,"As of 2026-08-11, Enhanced review of cloud–frontier-model partnerships is coded Binding / Applicable. Scope: implemented case-by-case",Legal status / scope,Legal / operational precedent,Legal existence,Strong inference,Indirect,Active,2026-08-11,Legal status never implies control effectiveness.
CLM-0097,"Enhanced review of cloud–frontier-model partnerships targets Scrutinise equity, exclusivity, control, information sharing, compute commitments and preferential distribution in AI partnerships at compute and capital concentration → cloud–model alliance → model and distribution control → dependent firms and publics → concentrated epistemic power; expected agency domain: Epistemic; Relational; Collective / institutional.",Mechanism,Legal / operational precedent,Mechanism / agency,Established evidence,Conditional,Active,2026-08-11,Mechanism claim is distinct from evidence that the control works.
CLM-0098,"None — legal existence only. Expected effect if the control works: Limits vertical structures that concentrate compute, models, distribution and safety evidence in the same actors",Control effectiveness,Legal / operational precedent,Control effectiveness,Open question,None,Active,2026-08-11,Do not upgrade this claim from Open question because a legal duty or risk mechanism exists.
CLM-0099,"Model and cloud portability, interoperability and anti-lock-in rules targets Reduce egress barriers, support model switching and multi-provider interfaces, and prevent self-preferencing or coercive tying at platform dependency → dominant provider → default model and assistant → organisations and citizens → infrastructural reliance → agency concentration; expected agency domain: Relational; Collective / institutional.",Mechanism,Normative proposal,Mechanism / agency,Plausible hypothesis,Conditional,Active,2026-08-11,Mechanism claim is distinct from evidence that the control works.
CLM-0100,"Indirect / mixed. Expected effect if the control works: Preserves contestability and reduces dependence on one provider’s model, safeguards and epistemic defaults",Control effectiveness,Normative proposal,Control effectiveness,Strong inference,Indirect,Active,2026-08-11,Do not upgrade this claim from Strong inference because a legal duty or risk mechanism exists.
CLM-0101,"As of 2026-08-11, Public-interest compute for independent evaluation and safer alternatives is coded Voluntary / private / Operational voluntary. Scope: CalCompute planning mandated; other public programmes operational",Legal status / scope,Legal / operational precedent,Legal existence,Strong inference,Indirect,Active,2026-08-11,Legal status never implies control effectiveness.
CLM-0102,"Public-interest compute for independent evaluation and safer alternatives targets Fund public compute capacity for evaluators, academia, civil society and public-interest model development at compute concentration → limited independent evidence → provider dominance → weak oversight → concentrated model and epistemic power; expected agency domain: Epistemic; Relational; Collective / institutional.",Mechanism,Normative proposal,Mechanism / agency,Plausible hypothesis,Conditional,Active,2026-08-11,Mechanism claim is distinct from evidence that the control works.
CLM-0103,"Indirect / mixed. Expected effect if the control works: Makes external APE, MASK, agentic and open-weight evaluation technically feasible and supports plural model supply",Control effectiveness,Normative proposal,Control effectiveness,Strong inference,Indirect,Active,2026-08-11,Do not upgrade this claim from Strong inference because a legal duty or risk mechanism exists.
CLM-0104,"As of 2026-08-11, Open benchmark commons and standardised public evaluation registry is coded Voluntary / private / Operational voluntary. Scope: partially implemented",Legal status / scope,Legal / operational precedent,Legal existence,Strong inference,Indirect,Active,2026-08-11,Legal status never implies control effectiveness.
CLM-0105,"Open benchmark commons and standardised public evaluation registry targets Publish versioned evaluation code, model metadata, scoring specifications, uncertainty and reproducible release-level results at opaque provider testing → public benchmark infrastructure → comparable evidence → procurement and regulatory decisions → reduced information asymmetry; expected agency domain: Epistemic; Decisional; Collective / institutional.",Mechanism,Normative proposal,Model behavior / capability,Plausible hypothesis,Conditional,Active,2026-08-11,Mechanism claim is distinct from evidence that the control works.
CLM-0106,"None — mechanism or proposal only. Expected effect if the control works: Makes capability and safeguard trends independently auditable across closed, open and modified models",Control effectiveness,Normative proposal,Control effectiveness,Plausible hypothesis,None,Active,2026-08-11,Do not upgrade this claim from Plausible hypothesis because a legal duty or risk mechanism exists.
CLM-0107,"As of 2026-08-11, Election-specific systemic-risk assessment and mitigation for very large platforms and search engines is coded Binding / Applicable. Scope: In force; guidelines are the current compliance benchmark",Legal status / scope,Legal / operational precedent,Legal existence,Strong inference,Indirect,Active,2026-08-11,Legal status never implies control effectiveness.
CLM-0108,"Election-specific systemic-risk assessment and mitigation for very large platforms and search engines targets Require VLOPs and VLOSEs to assess election-specific risks from service design, ranking, advertising, generative AI, coordinated manipulation and local context; deploy mitigations before the electoral period, maintain an incident mechanism and publish a post-election review. at AI-enabled campaign or state actor → platform design and ranking → voter exposure and salience → belief, attention or trust change → agency transfer to campaign and platform → concentrated agenda-setting → electoral distortion.; expected agency domain: Epistemic; Attentional; Evaluative; Decisional; Relational; Collective / institutional.",Mechanism,Legal / operational precedent,Mechanism / agency,Established evidence,Conditional,Active,2026-08-11,Mechanism claim is distinct from evidence that the control works.
CLM-0109,"None — legal existence only. Expected effect if the control works: Moves governance upstream from takedowns to product design, staffing, language coverage, recommender controls and election readiness.",Control effectiveness,Legal / operational precedent,Control effectiveness,Open question,None,Active,2026-08-11,Do not upgrade this claim from Open question because a legal duty or risk mechanism exists.
CLM-0110,"As of 2026-08-11, Recommender-system transparency for online platforms is coded Binding / Applicable. Scope: DSA Article 27 recommender transparency for online platforms; the Article 38 non-profiling option is separated into I-084.",Legal status / scope,Legal / operational precedent,Legal existence,Established evidence,Direct,Active,2026-08-11,Legal status never implies control effectiveness.
CLM-0111,Recommender-system transparency for online platforms targets Disclose in clear language the main recommender parameters and users' options to modify or influence them under DSA Article 27. The non-profiling option is coded separately under I-084. at Platform optimisation → personalised feed → repeated political exposure → attention and preference shaping → agency transfer to platform → concentrated control of the decision environment.; expected agency domain: Epistemic; Attentional; Evaluative; Decisional; Relational.,Mechanism,Legal / operational precedent,Mechanism / agency,Established evidence,Conditional,Active,2026-08-11,Mechanism claim is distinct from evidence that the control works.
CLM-0112,None — legal existence only. Expected effect if the control works: Creates an exit from inferred-vulnerability targeting and gives users some control over how political attention is allocated.,Control effectiveness,Legal / operational precedent,Control effectiveness,Open question,None,Active,2026-08-11,Do not upgrade this claim from Open question because a legal duty or risk mechanism exists.
CLM-0113,"As of 2026-08-11, Ban on manipulative interface design and dark patterns is coded Binding / Applicable. Scope: In force",Legal status / scope,Legal / operational precedent,Legal existence,Established evidence,Direct,Active,2026-08-11,Legal status never implies control effectiveness.
CLM-0114,"Ban on manipulative interface design and dark patterns targets Prohibit online-platform interfaces that deceive, manipulate, or materially distort users' ability to make free and informed decisions. at Platform or campaign-controlled interface → deceptive choice architecture → reduced reflection or coerced disclosure → behavioural or dependency change → agency transfer → platform power concentration.; expected agency domain: Evaluative; Decisional; Relational; Collective / institutional.",Mechanism,Legal / operational precedent,Human immediate outcome,Established evidence,Conditional,Active,2026-08-11,Mechanism claim is distinct from evidence that the control works.
CLM-0115,"Direct component evidence. Expected effect if the control works: Targets the decision environment itself rather than only false content, making it directly relevant to agency transfer.",Control effectiveness,Legal / operational precedent,Control effectiveness,Established evidence,Direct,Active,2026-08-11,Do not upgrade this claim from Established evidence because a legal duty or risk mechanism exists.
CLM-0116,"As of 2026-08-11, Online-platform ad transparency and sensitive-data targeting limits is coded Binding / Applicable. Scope: DSA Article 26 ad transparency and sensitive-data targeting limits for online platforms; Article 39 repositories are VLOP/VLOSE-only.",Legal status / scope,Legal / operational precedent,Legal existence,Established evidence,Direct,Active,2026-08-11,Legal status never implies control effectiveness.
CLM-0117,"Online-platform ad transparency and sensitive-data targeting limits targets Identify advertisements and sponsors, disclose key targeting parameters, and prohibit ad profiling using special-category data under DSA Article 26. The DSA Article 39 repository is VLOP/VLOSE-only; the broader political-ad repository is coded under P4-049. at Campaign or proxy → opaque paid targeting → selected vulnerable voter → preference or turnout change → agency transfer to campaign and ad platform → unequal political power.; expected agency domain: Evaluative; Decisional; Collective / institutional.",Mechanism,Legal / operational precedent,Mechanism / agency,Established evidence,Conditional,Active,2026-08-11,Mechanism claim is distinct from evidence that the control works.
CLM-0118,None — legal existence only. Expected effect if the control works: Makes paid influence more observable and reduces direct use of sensitive traits for personalised persuasion.,Control effectiveness,Legal / operational precedent,Control effectiveness,Open question,None,Active,2026-08-11,Do not upgrade this claim from Open question because a legal duty or risk mechanism exists.
CLM-0119,"As of 2026-08-11, Vetted researcher access to non-public platform data is coded Binding — limited scope / Applicable. Scope: Conditional Article 40 data access for designated VLOPs/VLOSEs, subject to reasoned requests and safeguards.",Legal status / scope,Legal / operational precedent,Legal existence,Strong inference,Indirect,Active,2026-08-11,Legal status never implies control effectiveness.
CLM-0120,"Vetted researcher access to non-public platform data targets Allow qualified independent researchers to request necessary VLOP and VLOSE data to identify systemic risks and evaluate mitigation, through Digital Services Coordinator vetting and a common portal. at Opaque platform data → weak external detection → unchecked optimisation and influence → hidden agency transfer; researcher access interrupts this by making exposure, coordination and mitigation auditable.; expected agency domain: Relational; Collective / institutional.",Mechanism,Legal / operational precedent,Mechanism / agency,Established evidence,Conditional,Active,2026-08-11,Mechanism claim is distinct from evidence that the control works.
CLM-0121,"None — legal existence only. Expected effect if the control works: Enables measurement of recommender exposure, cross-account coordination and whether safeguards work, closing the central evidence gap in Part 3.",Control effectiveness,Legal / operational precedent,Control effectiveness,Open question,None,Active,2026-08-11,Do not upgrade this claim from Open question because a legal duty or risk mechanism exists.
CLM-0122,"As of 2026-08-11, Annual independent audits of systemic-risk and code commitments is coded Mixed / Applicable. Scope: In force; Code commitments auditable from 2025-07-01",Legal status / scope,Legal / operational precedent,Legal existence,Strong inference,Indirect,Active,2026-08-11,Legal status never implies control effectiveness.
CLM-0123,"Annual independent audits of systemic-risk and code commitments targets Require annual independent audits of VLOP/VLOSE compliance, including risk controls and, for adherents, auditable Code of Conduct on Disinformation commitments. at Platform self-governance → unverified safeguards → persistent manipulation capacity → agency transfer; external assurance raises the cost of superficial controls.; expected agency domain: Epistemic; Evaluative; Relational.",Mechanism,Legal / operational precedent,Mechanism / agency,Established evidence,Conditional,Active,2026-08-11,Mechanism claim is distinct from evidence that the control works.
CLM-0124,None — legal existence only. Expected effect if the control works: Creates recurring scrutiny of whether claimed election safeguards are implemented and effective.,Control effectiveness,Legal / operational precedent,Control effectiveness,Open question,None,Active,2026-08-11,Do not upgrade this claim from Open question because a legal duty or risk mechanism exists.
CLM-0125,"As of 2026-08-11, Pre-election stress tests, readiness dialogues and regulator election toolkits is coded Voluntary / private / Operational voluntary. Scope: Operational best practice; used in EU elections and Moldova",Legal status / scope,Legal / operational precedent,Legal existence,Strong inference,Indirect,Active,2026-08-11,Legal status never implies control effectiveness.
CLM-0126,"Pre-election stress tests, readiness dialogues and regulator election toolkits targets Run scenario exercises with platforms, election bodies, regulators, security actors and civil society; test escalation paths, local-language capacity and platform responses before voting. at Emerging AI-enabled incident → fragmented detection and authority → delayed response → rapid belief or turnout effects → temporary agency seizure; stress tests pre-wire coordination.; expected agency domain: Epistemic; Executive; Collective / institutional.",Mechanism,Normative proposal,Mechanism / agency,Plausible hypothesis,Conditional,Active,2026-08-11,Mechanism claim is distinct from evidence that the control works.
CLM-0127,"Indirect / mixed. Expected effect if the control works: Reduces coordination latency and exposes gaps before a late-breaking deepfake, coordinated network or false voting claim appears.",Control effectiveness,Normative proposal,Control effectiveness,Strong inference,Indirect,Active,2026-08-11,Do not upgrade this claim from Strong inference because a legal duty or risk mechanism exists.
CLM-0128,"As of 2026-08-11, Mandatory labels, sponsor notices and an EU repository for political advertising is coded Binding / Applicable. Scope: Applicable since 2025-10-10",Legal status / scope,Legal / operational precedent,Legal existence,Established evidence,Direct,Active,2026-08-11,Legal status never implies control effectiveness.
CLM-0129,"Mandatory labels, sponsor notices and an EU repository for political advertising targets Require each paid or targeted political ad to be labelled and linked to a notice naming the sponsor, election, remuneration, spend and targeting; transmit online ads to a European repository and accelerate complaint handling near elections. at Sponsor or proxy → covert paid communication → voter → hidden persuasion → agency transfer to sponsor → concentrated political influence; disclosure restores source contestability.; expected agency domain: Epistemic; Evaluative; Decisional; Collective / institutional.",Mechanism,Legal / operational precedent,Mechanism / agency,Established evidence,Conditional,Active,2026-08-11,Mechanism claim is distinct from evidence that the control works.
CLM-0130,"None — legal existence only. Expected effect if the control works: Makes who paid, how much and why a voter was reached visible to voters, regulators and researchers.",Control effectiveness,Legal / operational precedent,Control effectiveness,Open question,None,Active,2026-08-11,Do not upgrade this claim from Open question because a legal duty or risk mechanism exists.
CLM-0131,"As of 2026-08-11, Restrict personal-data political-ad targeting and prohibit special-category profiling is coded Binding / Applicable. Scope: Regulation 2024/900 restricts personal-data political targeting and prohibits special-category profiling; it is not a blanket microtargeting ban.",Legal status / scope,Legal / operational precedent,Legal existence,Established evidence,Direct,Active,2026-08-11,Legal status never implies control effectiveness.
CLM-0132,Restrict personal-data political-ad targeting and prohibit special-category profiling targets Permit personal-data-based political targeting only when data were collected from the person and separate explicit consent was obtained; prohibit profiling using special-category data and targeting known near-voting-age minors. at Campaign data broker → vulnerability inference and microtargeting → individual voter → tailored pressure or preference shaping → agency transfer to campaign → asymmetric democratic power.; expected agency domain: Evaluative; Decisional; Collective / institutional.,Mechanism,Legal / operational precedent,Mechanism / agency,Established evidence,Conditional,Active,2026-08-11,Mechanism claim is distinct from evidence that the control works.
CLM-0133,None — legal existence only. Expected effect if the control works: Cuts the Cambridge Analytica pathway from intimate or political data to personalised influence without meaningful voter consent.,Control effectiveness,Legal / operational precedent,Control effectiveness,Open question,None,Active,2026-08-11,Do not upgrade this claim from Open question because a legal duty or risk mechanism exists.
CLM-0134,"As of 2026-08-11, Three-month pre-election ban on political-ad services for third-country sponsors is coded Binding / Applicable. Scope: Applicable since 2025-10-10",Legal status / scope,Legal / operational precedent,Legal existence,Established evidence,Direct,Active,2026-08-11,Legal status never implies control effectiveness.
CLM-0135,Three-month pre-election ban on political-ad services for third-country sponsors targets Prohibit political advertising services for sponsors outside the EU during the three months before an election or referendum in a Member State. at Foreign state or proxy → paid distribution → domestic electorate → agenda or trust change → agency transfer abroad → external concentration of electoral influence.; expected agency domain: Evaluative; Relational; Collective / institutional.,Mechanism,Legal / operational precedent,Mechanism / agency,Established evidence,Conditional,Active,2026-08-11,Mechanism claim is distinct from evidence that the control works.
CLM-0136,None — legal existence only. Expected effect if the control works: Raises the cost of overt foreign paid influence during the highest-risk period.,Control effectiveness,Legal / operational precedent,Control effectiveness,Open question,None,Active,2026-08-11,Do not upgrade this claim from Open question because a legal duty or risk mechanism exists.
CLM-0137,"As of 2026-08-11, Machine-readable marking of AI-generated content and visible deepfake disclosure is coded Binding / Applicable. Scope: Binding Article 50 duties from 2026-08-02; voluntary code is an implementation route. Limited transition to 2026-12-02 for Article 50(2) pre-existing generators.",Legal status / scope,Legal / operational precedent,Legal existence,Established evidence,Direct,Active,2026-08-11,Legal status never implies control effectiveness.
CLM-0138,Machine-readable marking of AI-generated content and visible deepfake disclosure targets Require providers to mark synthetic outputs in machine-readable form and deployers to disclose deepfakes and certain AI-generated public-interest text; use an EU code and common icons to standardise compliance. at Generative model or campaign → synthetic impersonation → voter → false source belief or trust shock → agency transfer to fabricator → electoral harm; provenance and disclosure restore source knowledge.; expected agency domain: Epistemic; Decisional; Relational; Collective / institutional.,Mechanism,Legal / operational precedent,Mechanism / agency,Established evidence,Conditional,Active,2026-08-11,Mechanism claim is distinct from evidence that the control works.
CLM-0139,None — legal existence only. Expected effect if the control works: Supports cross-platform detection and visible disclosure of synthetic candidate or election content.,Control effectiveness,Legal / operational precedent,Control effectiveness,Open question,None,Active,2026-08-11,Do not upgrade this claim from Open question because a legal duty or risk mechanism exists.
CLM-0140,"As of 2026-08-11, Auditable platform commitments on demonetisation, bots, fake accounts, impersonation, deepfakes and recommender integrity is coded Voluntary / private / Operational voluntary. Scope: Integrated into DSA framework in 2025; commitments auditable since 2025-07-01; first co-regulatory reports published 2026-03-24",Legal status / scope,Legal / operational precedent,Legal existence,Strong inference,Indirect,Active,2026-08-11,Legal status never implies control effectiveness.
CLM-0141,"Auditable platform commitments on demonetisation, bots, fake accounts, impersonation, deepfakes and recommender integrity targets Commit signatories to cut disinformation revenue, label and archive political ads, detect fake accounts and bot amplification, address impersonation and malicious deepfakes, support fact-checkers, improve recommender transparency and report service-level indicators. at Malicious actor → coordinated accounts and monetised amplification → platform audience → repeated exposure and trust erosion → agency transfer to network controller → concentrated narrative power.; expected agency domain: Epistemic; Attentional; Relational.",Mechanism,Normative proposal,Mechanism / agency,Plausible hypothesis,Conditional,Active,2026-08-11,Mechanism claim is distinct from evidence that the control works.
CLM-0142,Indirect / mixed. Expected effect if the control works: Targets distribution infrastructure and coordinated behaviour rather than adjudicating every political claim.,Control effectiveness,Normative proposal,Control effectiveness,Strong inference,Indirect,Active,2026-08-11,Do not upgrade this claim from Strong inference because a legal duty or risk mechanism exists.
CLM-0143,"As of 2026-08-11, Time-bound election Rapid Response System for platform escalation is coded Voluntary / private / Operational voluntary. Scope: Operational since the 2024 European Parliament election and reused in later elections",Legal status / scope,Legal / operational precedent,Legal existence,Strong inference,Indirect,Active,2026-08-11,Legal status never implies control effectiveness.
CLM-0144,"Time-bound election Rapid Response System for platform escalation targets Allow authorised non-platform signatories, fact-checkers and civil society to rapidly flag severe, time-sensitive content, accounts or trends and discuss response with platforms under their policies. at Late-breaking synthetic or coordinated incident → rapid spread → no time for ordinary review → belief, turnout or legitimacy shock → temporary agency transfer; an escalation lane compresses response time.; expected agency domain: Epistemic; Collective / institutional.",Mechanism,Normative proposal,Mechanism / agency,Plausible hypothesis,Conditional,Active,2026-08-11,Mechanism claim is distinct from evidence that the control works.
CLM-0145,"Indirect / mixed. Expected effect if the control works: Creates a trusted, fast channel for the final hours when ordinary notice systems are too slow.",Control effectiveness,Normative proposal,Control effectiveness,Strong inference,Indirect,Active,2026-08-11,Do not upgrade this claim from Strong inference because a legal duty or risk mechanism exists.
CLM-0146,"As of 2026-08-11, European Centre for Democratic Resilience and reinforced election coordination is coded Voluntary / private / Operational voluntary. Scope: Launched 2026-02-24; operational design still maturing",Legal status / scope,Legal / operational precedent,Legal existence,Strong inference,Indirect,Active,2026-08-11,Legal status never implies control effectiveness.
CLM-0147,"European Centre for Democratic Resilience and reinforced election coordination targets Pool Member State, EU and civil-society expertise to anticipate, detect and respond to FIMI and disinformation; connect election networks, DSA data access, political-ad data and operational response. at Cross-border actor → fragmented national signals → delayed attribution and response → accumulating trust and agenda effects → agency transfer to hostile actor; pooled awareness reverses the asymmetry.; expected agency domain: Epistemic; Relational; Collective / institutional.",Mechanism,Normative proposal,Mechanism / agency,Plausible hypothesis,Conditional,Active,2026-08-11,Mechanism claim is distinct from evidence that the control works.
CLM-0148,Indirect / mixed. Expected effect if the control works: Addresses cross-platform and cross-border coordination gaps and can turn dispersed signals into a common operational picture.,Control effectiveness,Normative proposal,Control effectiveness,Strong inference,Indirect,Active,2026-08-11,Do not upgrade this claim from Strong inference because a legal duty or risk mechanism exists.
CLM-0149,"As of 2026-08-11, Mandatory digital imprints on paid political material and specified organic campaign material is coded Binding / Applicable. Scope: In force since November 2023; guidance updated in 2026",Legal status / scope,Legal / operational precedent,Legal existence,Strong inference,Indirect,Active,2026-08-11,Legal status never implies control effectiveness.
CLM-0150,"Mandatory digital imprints on paid political material and specified organic campaign material targets Require covered digital material, including social posts, online ads, podcasts and publicly distributed messaging-app content, to state who promoted and on whose behalf it was published. at Campaign or third party → unattributed digital communication → voter → mistaken source trust → agency transfer to hidden promoter → opaque political power.; expected agency domain: Epistemic; Decisional; Relational; Collective / institutional.",Mechanism,Legal / operational precedent,Mechanism / agency,Established evidence,Conditional,Active,2026-08-11,Mechanism claim is distinct from evidence that the control works.
CLM-0151,None — legal existence only. Expected effect if the control works: Preserves contestability by letting voters and regulators identify the responsible campaign actor.,Control effectiveness,Legal / operational precedent,Control effectiveness,Open question,None,Active,2026-08-11,Do not upgrade this claim from Open question because a legal duty or risk mechanism exists.
CLM-0152,"As of 2026-08-11, Systemic platform duties for criminal foreign-interference content is coded Binding / Applicable. Scope: Illegal-content duties in force from 2025-03-17",Legal status / scope,Legal / operational precedent,Legal existence,Strong inference,Indirect,Active,2026-08-11,Legal status never implies control effectiveness.
CLM-0153,"Systemic platform duties for criminal foreign-interference content targets Treat the National Security Act foreign-interference offence as a priority offence, requiring in-scope services to assess risk, prevent users encountering illegal material and minimise its availability; Ofcom can impose major fines and disruption measures. at Foreign power or proxy → covert online conduct → UK voters and institutions → trust, behaviour or legitimacy change → agency transfer abroad → democratic harm.; expected agency domain: Decisional; Relational; Collective / institutional.",Mechanism,Legal / operational precedent,Mechanism / agency,Established evidence,Conditional,Active,2026-08-11,Mechanism claim is distinct from evidence that the control works.
CLM-0154,None — legal existence only. Expected effect if the control works: Creates a systemic duty to act on covert hostile-state operations rather than relying only on voluntary moderation.,Control effectiveness,Legal / operational precedent,Control effectiveness,Open question,None,Active,2026-08-11,Do not upgrade this claim from Open question because a legal duty or risk mechanism exists.
CLM-0155,"As of 2026-08-11, Election-authority deepfake detection and impact-monitoring pilot is coded Voluntary / private / Pilot. Scope: Pilot ran around the May 2026 elections; full findings due autumn 2026",Legal status / scope,Legal / operational precedent,Legal existence,Strong inference,Indirect,Active,2026-08-11,Legal status never implies control effectiveness.
CLM-0156,"Election-authority deepfake detection and impact-monitoring pilot targets Monitor online audio and video for false candidate depictions or election-process claims, track reach, coordinate corrections or requested takedowns, and refer serious content to police or other bodies. at AI generator → candidate or authority impersonation → voter → false belief or suppressed participation → agency transfer to fabricator; detection and authoritative correction interrupt spread.; expected agency domain: Epistemic; Decisional; Collective / institutional.",Mechanism,Normative proposal,Model behavior / capability,Plausible hypothesis,Conditional,Active,2026-08-11,Mechanism claim is distinct from evidence that the control works.
CLM-0157,None — mechanism or proposal only. Expected effect if the control works: Gives the election authority an early-warning picture and a route to authenticate candidate or process claims.,Control effectiveness,Normative proposal,Control effectiveness,Plausible hypothesis,None,Active,2026-08-11,Do not upgrade this claim from Plausible hypothesis because a legal duty or risk mechanism exists.
CLM-0158,"Statutory political-ad libraries and regulator/researcher access to platform exposure data targets Require every platform carrying political ads to maintain a comprehensive library with sponsor, targeting, actual reach and spend, and create meaningful data access for regulators and independent researchers. at Opaque platform ads and ranking → unobservable targeting and amplification → voter influence → agency transfer → no accountability; access makes the pathway measurable.; expected agency domain: Attentional; Evaluative; Decisional; Relational.",Mechanism,Normative proposal,Mechanism / agency,Plausible hypothesis,Conditional,Active,2026-08-11,Mechanism claim is distinct from evidence that the control works.
CLM-0159,"Indirect / mixed. Expected effect if the control works: Would close the UK's reliance on voluntary, inconsistent libraries and make algorithmic political reach auditable.",Control effectiveness,Normative proposal,Control effectiveness,Strong inference,Indirect,Active,2026-08-11,Do not upgrade this claim from Strong inference because a legal duty or risk mechanism exists.
CLM-0160,"As of 2026-08-11, Treat AI-cloned voices in robocalls as artificial voices requiring consent is coded Binding / Applicable. Scope: In force; applied in the New Hampshire robocall matter",Legal status / scope,Legal / operational precedent,Legal existence,Strong inference,Indirect,Active,2026-08-11,Legal status never implies control effectiveness.
CLM-0161,"Treat AI-cloned voices in robocalls as artificial voices requiring consent targets Apply TCPA consent and identification rules to AI-generated or cloned voices classified as artificial or prerecorded voices, subject to statutory exemptions. at Campaign operative → cloned candidate voice → mass calls → false instruction or turnout suppression → agency transfer to caller → electoral harm.; expected agency domain: Multiple / context-dependent.",Mechanism,Legal / operational precedent,Mechanism / agency,Established evidence,Conditional,Active,2026-08-11,Mechanism claim is distinct from evidence that the control works.
CLM-0162,None — legal existence only. Expected effect if the control works: Uses mature robocall law to impose consent and enforcement costs on a high-risk impersonation vector.,Control effectiveness,Legal / operational precedent,Control effectiveness,Open question,None,Active,2026-08-11,Do not upgrade this claim from Open question because a legal duty or risk mechanism exists.
CLM-0163,"As of 2026-08-11, Apply federal fraudulent-misrepresentation rules to AI that falsely claims campaign authority is coded Binding / Partial / verify. Scope: Interpretive rule adopted; broader AI rulemaking declined in 2024",Legal status / scope,Legal / operational precedent,Legal existence,Strong inference,Indirect,Active,2026-08-11,Legal status never implies control effectiveness.
CLM-0164,"Apply federal fraudulent-misrepresentation rules to AI that falsely claims campaign authority targets Clarify that existing law can cover AI communications where a candidate or agent falsely purports to speak, act or fundraise on behalf of another candidate or party; it does not generally prohibit false depictions with a truthful disclaimer. at Candidate or agent → AI impersonation of rival campaign authority → voter or donor → source deception → agency transfer to impersonator → electoral or financial harm.; expected agency domain: Epistemic; Decisional; Executive.",Mechanism,Legal / operational precedent,Mechanism / agency,Established evidence,Conditional,Active,2026-08-11,Mechanism claim is distinct from evidence that the control works.
CLM-0165,None — legal existence only. Expected effect if the control works: Protects authentic campaign authority and donations from a limited class of AI impersonation.,Control effectiveness,Legal / operational precedent,Control effectiveness,Open question,None,Active,2026-08-11,Do not upgrade this claim from Open question because a legal duty or risk mechanism exists.
CLM-0166,On-air and political-file disclosure of AI-generated content in broadcast political ads targets Require radio and television political ads using AI-generated content to carry an on-air notice and a written disclosure in the station's political file. at Campaign → synthetic broadcast ad → mass audience → false authenticity belief → agency transfer to advertiser → electoral influence.; expected agency domain: Epistemic; Evaluative.,Mechanism,Normative proposal,Mechanism / agency,Plausible hypothesis,Conditional,Active,2026-08-11,Mechanism claim is distinct from evidence that the control works.
CLM-0167,Indirect / mixed. Expected effect if the control works: Would make synthetic content visible in legacy mass media and create an inspectable record.,Control effectiveness,Normative proposal,Control effectiveness,Strong inference,Indirect,Active,2026-08-11,Do not upgrade this claim from Strong inference because a legal duty or risk mechanism exists.
CLM-0168,"Platform duty to remove or label materially deceptive election deepfakes during a defined election window targets California AB 2655 required large platforms to block specified deceptive election content or label it, provide reporting channels and respond within short timeframes. at AI creator → viral candidate or election deepfake → voter → false belief → agency transfer to creator → electoral harm; platform action attempts to stop distribution.; expected agency domain: Epistemic; Decisional; Collective / institutional.",Mechanism,Normative proposal,Mechanism / agency,Plausible hypothesis,Conditional,Active,2026-08-11,Mechanism claim is distinct from evidence that the control works.
CLM-0169,Indirect / mixed. Expected effect if the control works: The intended effect was rapid reduction of deceptive synthetic reach; the actual contribution is a warning that broad platform-liability designs can collapse under intermediary-liability and speech law.,Control effectiveness,Normative proposal,Control effectiveness,Strong inference,Indirect,Active,2026-08-11,Do not upgrade this claim from Strong inference because a legal duty or risk mechanism exists.
CLM-0170,"As of 2026-08-11, End-to-end cryptographic provenance and interoperable Content Credentials is coded Voluntary / private / Operational voluntary. Scope: C2PA 2.2 published May 2025; adoption expanding but incomplete",Legal status / scope,Legal / operational precedent,Legal existence,Strong inference,Indirect,Active,2026-08-11,Legal status never implies control effectiveness.
CLM-0171,"End-to-end cryptographic provenance and interoperable Content Credentials targets Bind signed assertions about origin and edit history to media, preserve or recover credentials across transformations, and display provenance at consumption. at Creator or model → media asset → platform and voter → uncertainty about source and edits → exploitable trust asymmetry; provenance restores verifiable history and contestability.; expected agency domain: Epistemic; Decisional; Relational.",Mechanism,Normative proposal,Mechanism / agency,Plausible hypothesis,Conditional,Active,2026-08-11,Mechanism claim is distinct from evidence that the control works.
CLM-0172,"Indirect / mixed. Expected effect if the control works: Authenticates known-good media and carries origin information across the supply chain, stronger than unreliable deepfake detection alone.",Control effectiveness,Normative proposal,Control effectiveness,Strong inference,Indirect,Active,2026-08-11,Do not upgrade this claim from Strong inference because a legal duty or risk mechanism exists.
CLM-0173,"As of 2026-08-11, Election-specific human-rights risk assessment for digital platforms is coded Voluntary / private / Operational voluntary. Scope: Published and being used in implementation initiatives",Legal status / scope,Legal / operational precedent,Legal existence,Strong inference,Indirect,Active,2026-08-11,Legal status never implies control effectiveness.
CLM-0174,"Election-specific human-rights risk assessment for digital platforms targets Require or encourage platforms to perform an election-cycle risk assessment, engage election administrators and civil society, assess design changes and take enhanced measures during elections and crises. at Platform product decision → altered amplification or access → electoral public → rights and agency effects → power concentration; assessment inserts rights review before deployment.; expected agency domain: Attentional; Decisional; Collective / institutional.",Mechanism,Normative proposal,Mechanism / agency,Plausible hypothesis,Conditional,Active,2026-08-11,Mechanism claim is distinct from evidence that the control works.
CLM-0175,Indirect / mixed. Expected effect if the control works: Offers a rights-based baseline for countries without a DSA-style regime and frames elections as a heightened-risk period.,Control effectiveness,Normative proposal,Control effectiveness,Strong inference,Indirect,Active,2026-08-11,Do not upgrade this claim from Strong inference because a legal duty or risk mechanism exists.
CLM-0176,"As of 2026-08-11, Political-party code for ethical digital campaigning and AI use is coded Voluntary / private / Partial / verify. Scope: Signed by European political parties in 2024; model available for national adaptation",Legal status / scope,Legal / operational precedent,Legal existence,Strong inference,Indirect,Active,2026-08-11,Legal status never implies control effectiveness.
CLM-0177,"Political-party code for ethical digital campaigning and AI use targets Secure public commitments by parties not to create, use or disseminate deceptive synthetic content or manipulative campaign techniques, to label AI use, protect cybersecurity and disclose campaign practices. at Party or campaign → AI-enabled content or targeting → electorate → preference or trust change → agency transfer to campaign → electoral advantage; party commitments constrain the controller directly.; expected agency domain: Evaluative; Relational; Collective / institutional.",Mechanism,Normative proposal,Mechanism / agency,Plausible hypothesis,Conditional,Active,2026-08-11,Mechanism claim is distinct from evidence that the control works.
CLM-0178,Indirect / mixed. Expected effect if the control works: Reaches party behaviour that platform rules cannot fully observe and establishes a public norm against agency-undermining tactics.,Control effectiveness,Normative proposal,Control effectiveness,Strong inference,Indirect,Active,2026-08-11,Do not upgrade this claim from Strong inference because a legal duty or risk mechanism exists.
CLM-0179,"As of 2026-08-11, Forwarding limits and forwarded-message friction in encrypted messaging is coded Voluntary / private / Operational voluntary. Scope: Operational",Legal status / scope,Legal / operational precedent,Legal existence,Strong inference,Indirect,Active,2026-08-11,Legal status never implies control effectiveness.
CLM-0180,"Forwarding limits and forwarded-message friction in encrypted messaging targets Limit forwarding to five chats and restrict already or highly forwarded messages to one chat at a time, while attaching forwarded labels. at Campaign network → encrypted mass forwarding → trusted peer groups → belief and mobilisation change → agency transfer to network organiser → concentrated hidden reach.; expected agency domain: Epistemic; Attentional; Relational.",Mechanism,Normative proposal,Human immediate outcome,Established evidence,Conditional,Active,2026-08-11,Mechanism claim is distinct from evidence that the control works.
CLM-0181,Field / operational component evidence. Expected effect if the control works: Adds cost and time to viral distribution without breaking end-to-end encryption or reading message content.,Control effectiveness,Normative proposal,Control effectiveness,Established evidence,Direct,Active,2026-08-11,Do not upgrade this claim from Established evidence because a legal duty or risk mechanism exists.
CLM-0182,"As of 2026-08-11, Technique-based prebunking and election media literacy is coded Voluntary / private / Partial / verify. Scope: Field-tested and deployed; not universally institutionalised",Legal status / scope,Legal / operational precedent,Legal existence,Strong inference,Indirect,Active,2026-08-11,Legal status never implies control effectiveness.
CLM-0183,"Technique-based prebunking and election media literacy targets Expose voters in advance to short examples of manipulation techniques such as emotional manipulation, false dichotomies, scapegoating, incoherence and impersonation so they recognise tactics before encountering campaign content. at Manipulative content → voter cognitive vulnerability → belief or sharing change → agency transfer to persuader; prebunking strengthens reflective recognition before exposure.; expected agency domain: Epistemic; Evaluative; Decisional; Collective / institutional.",Mechanism,External empirical,Human immediate outcome,Established evidence,Conditional,Active,2026-08-11,Mechanism claim is distinct from evidence that the control works.
CLM-0184,Field / operational component evidence. Expected effect if the control works: Targets manipulation mechanisms rather than partisan truth adjudication and therefore better preserves pluralism and reflective agency.,Control effectiveness,External empirical,Control effectiveness,Established evidence,Direct,Active,2026-08-11,Do not upgrade this claim from Established evidence because a legal duty or risk mechanism exists.
CLM-0185,"As of 2026-08-11, Platform political-ad authorisation, archive, AI disclosure and final-week ad freeze is coded Voluntary / private / Operational voluntary. Scope: Operational for 2026 US midterms; EU political ads discontinued by Meta in October 2025",Legal status / scope,Legal / operational precedent,Legal existence,Strong inference,Indirect,Active,2026-08-11,Legal status never implies control effectiveness.
CLM-0186,"Platform political-ad authorisation, archive, AI disclosure and final-week ad freeze targets Verify political advertisers, archive ads, require self-disclosure for realistic AI-created or altered political ads, add labels and bar new US political ads during the final week when rebuttal time is short. at Advertiser → paid microtargeted synthetic ad → selected voter → deceptive belief with little rebuttal time → agency transfer to advertiser and platform → electoral harm.; expected agency domain: Epistemic; Evaluative; Decisional.",Mechanism,Normative proposal,Mechanism / agency,Plausible hypothesis,Conditional,Active,2026-08-11,Mechanism claim is distinct from evidence that the control works.
CLM-0187,Indirect / mixed. Expected effect if the control works: Raises source accountability and reduces last-minute paid deception on Meta services.,Control effectiveness,Normative proposal,Control effectiveness,Strong inference,Indirect,Active,2026-08-11,Do not upgrade this claim from Strong inference because a legal duty or risk mechanism exists.
CLM-0188,"As of 2026-08-11, Explicit, prominent and accessible disclosure of synthetic election content and the technology used is coded Binding / Applicable. Scope: Binding for the 2026 general election; campaign starts 2026-08-16",Legal status / scope,Legal / operational precedent,Legal existence,Established evidence,Direct,Active,2026-08-11,Legal status never implies control effectiveness.
CLM-0189,"Explicit, prominent and accessible disclosure of synthetic election content and the technology used targets Require election propaganda containing significantly AI-generated or altered text, audio, image or video to disclose fabrication or manipulation in a modality-specific form, including audio notices, watermark and audio description. at Campaign or supporter → synthetic political content → voter → mistaken authenticity → belief or preference change → agency transfer to content controller → electoral advantage.; expected agency domain: Epistemic; Evaluative; Decisional; Collective / institutional.",Mechanism,Legal / operational precedent,Mechanism / agency,Established evidence,Conditional,Active,2026-08-11,Mechanism claim is distinct from evidence that the control works.
CLM-0190,None — legal existence only. Expected effect if the control works: Preserves source awareness without banning benign uses of AI and creates a clear enforcement hook.,Control effectiveness,Legal / operational precedent,Control effectiveness,Open question,None,Active,2026-08-11,Do not upgrade this claim from Open question because a legal duty or risk mechanism exists.
CLM-0191,"As of 2026-08-11, Ban on electoral deepfakes used to favour or harm a candidacy is coded Binding / Applicable. Scope: In force for 2026",Legal status / scope,Legal / operational precedent,Legal existence,Established evidence,Direct,Active,2026-08-11,Legal status never implies control effectiveness.
CLM-0192,"Ban on electoral deepfakes used to favour or harm a candidacy targets Prohibit synthetic audio or video that creates, substitutes or alters the image or voice of a real, deceased or fictional person to favour or harm a candidacy, even with authorisation; violations can constitute abuse of power and misuse of media. at Campaign or proxy → deepfake → electorate → false candidate belief or reputational shock → agency transfer to fabricator → distorted electoral choice.; expected agency domain: Epistemic; Decisional.",Mechanism,Legal / operational precedent,Mechanism / agency,Established evidence,Conditional,Active,2026-08-11,Mechanism claim is distinct from evidence that the control works.
CLM-0193,None — legal existence only. Expected effect if the control works: Directly targets candidate impersonation with consequences stronger than a label.,Control effectiveness,Legal / operational precedent,Control effectiveness,Open question,None,Active,2026-08-11,Do not upgrade this claim from Open question because a legal duty or risk mechanism exists.
CLM-0194,"As of 2026-08-11, Ban on chatbots or avatars simulating conversation with a candidate or real person is coded Binding / Applicable. Scope: In force for 2026",Legal status / scope,Legal / operational precedent,Legal existence,Established evidence,Direct,Active,2026-08-11,Legal status never implies control effectiveness.
CLM-0195,"Ban on chatbots or avatars simulating conversation with a candidate or real person targets Permit campaign chatbots, avatars and synthetic intermediaries only with disclosure and prohibit simulation of direct interlocution with a candidate or another real person. at Campaign-controlled agent → simulated candidate intimacy → voter → trust, dependency or preference change → agency transfer to campaign → concentrated relational influence.; expected agency domain: Evaluative; Decisional; Executive; Relational.",Mechanism,Legal / operational precedent,Mechanism / agency,Established evidence,Conditional,Active,2026-08-11,Mechanism claim is distinct from evidence that the control works.
CLM-0196,None — legal existence only. Expected effect if the control works: Prevents campaigns from manufacturing false personal relationships or apparent direct candidate commitments at scale.,Control effectiveness,Legal / operational precedent,Control effectiveness,Open question,None,Active,2026-08-11,Do not upgrade this claim from Open question because a legal duty or risk mechanism exists.
CLM-0197,"As of 2026-08-11, 72-hour pre-vote and 24-hour post-vote blackout for new synthetic candidate or public-figure content is coded Binding / Applicable. Scope: New and binding for the 4 October 2026 first round and possible 25 October second round",Legal status / scope,Legal / operational precedent,Legal existence,Established evidence,Direct,Active,2026-08-11,Legal status never implies control effectiveness.
CLM-0198,"72-hour pre-vote and 24-hour post-vote blackout for new synthetic candidate or public-figure content targets Prohibit publication, republication and paid boosting of new AI-generated or altered content using a candidate's or public figure's image, voice or manifestation during the defined window, even if labelled. at Late synthetic release → high-velocity platforms → voters with no rebuttal time → belief or turnout shock → temporary agency capture → electoral or legitimacy harm.; expected agency domain: Epistemic; Decisional; Collective / institutional.",Mechanism,Legal / operational precedent,Mechanism / agency,Established evidence,Conditional,Active,2026-08-11,Mechanism claim is distinct from evidence that the control works.
CLM-0199,"None — legal existence only. Expected effect if the control works: Creates a quiet period for the exact late-breaker mechanism seen in Slovakia, Ireland and Buenos Aires.",Control effectiveness,Legal / operational precedent,Control effectiveness,Open question,None,Active,2026-08-11,Do not upgrade this claim from Open question because a legal duty or risk mechanism exists.
CLM-0200,"As of 2026-08-11, Electoral anti-favoritism rule for covered AI systems is coded Binding — limited scope / Applicable. Scope: Brazilian electoral anti-favoritism rule for covered AI systems; not comprehensive neutrality.",Legal status / scope,Legal / operational precedent,Legal existence,Established evidence,Direct,Active,2026-08-11,Legal status never implies control effectiveness.
CLM-0201,"Electoral anti-favoritism rule for covered AI systems targets Prohibit covered AI systems from ranking, recommending or prioritizing electoral actors, expressing electoral preference, recommending a vote, or directly or indirectly favoring or disfavoring them. at AI provider or model controller → assistant answer or ranking → voter delegation and trust → voting preference or decision → agency transfer to AI controller → extreme concentration of electoral influence.; expected agency domain: Attentional; Evaluative; Decisional; Relational; Collective / institutional.",Mechanism,Legal / operational precedent,Mechanism / agency,Established evidence,Conditional,Active,2026-08-11,Mechanism claim is distinct from evidence that the control works.
CLM-0202,"None — legal existence only. Expected effect if the control works: Directly targets agency transfer through assistants and recommendation, going beyond content labels and ad transparency.",Control effectiveness,Legal / operational precedent,Control effectiveness,Open question,None,Active,2026-08-11,Do not upgrade this claim from Open question because a legal duty or risk mechanism exists.
CLM-0203,"As of 2026-08-11, Platform election-impact assessments, recommender-system mitigation and result transparency is coded Binding / Applicable. Scope: In force for 2026",Legal status / scope,Legal / operational precedent,Legal existence,Established evidence,Direct,Active,2026-08-11,Legal status never implies control effectiveness.
CLM-0204,"Platform election-impact assessments, recommender-system mitigation and result transparency targets Require platforms carrying political-electoral content to publish and implement measures against demonstrably false or severely decontextualised election content, improve recommendation systems, report results and conduct an election-year impact assessment including gendered political violence. at Platform ranking and monetisation → amplified manipulative content → voters and candidates → attention, trust and participation effects → agency transfer to platform and network controllers → democratic harm.; expected agency domain: Epistemic; Attentional; Evaluative; Decisional; Relational; Collective / institutional.",Mechanism,Legal / operational precedent,Mechanism / agency,Established evidence,Conditional,Active,2026-08-11,Mechanism claim is distinct from evidence that the control works.
CLM-0205,None — legal existence only. Expected effect if the control works: Shifts responsibility from notice-and-takedown to the platform's recommendation and product architecture.,Control effectiveness,Legal / operational precedent,Control effectiveness,Open question,None,Active,2026-08-11,Do not upgrade this claim from Open question because a legal duty or risk mechanism exists.
CLM-0206,"As of 2026-08-11, Immediate de-amplification, evidence preservation and narrowly bounded corrective promotion is coded Binding — limited scope / Applicable. Scope: Narrow corrective-promotion remedy for irregularly boosted notably false or gravely decontextualized content.",Legal status / scope,Legal / operational precedent,Legal existence,Established evidence,Direct,Active,2026-08-11,Legal status never implies control effectiveness.
CLM-0207,"Immediate de-amplification, evidence preservation and narrowly bounded corrective promotion targets Require covered platforms to stop unlawful boosting or access, investigate involved accounts and preserve evidence; a same-form-and-reach corrective order is limited to false or severely decontextualised content that was irregularly boosted. at Manipulative incident → paid or algorithmic amplification → voter exposure → belief or trust change → agency transfer; de-amplification stops the vector and symmetric correction targets the affected audience.; expected agency domain: Epistemic; Attentional; Evaluative; Decisional; Relational; Collective / institutional.",Mechanism,Legal / operational precedent,Mechanism / agency,Established evidence,Conditional,Active,2026-08-11,Mechanism claim is distinct from evidence that the control works.
CLM-0208,"None — legal existence only. Expected effect if the control works: Targets both distribution and residual false belief, and preserves evidence about coordinated accounts.",Control effectiveness,Legal / operational precedent,Control effectiveness,Open question,None,Active,2026-08-11,Do not upgrade this claim from Open question because a legal duty or risk mechanism exists.
CLM-0209,"As of 2026-08-11, Mandatory platform election-integrity compliance plans with measurable indicators is coded Binding — limited scope / Applicable. Scope: Ordinarily covers services above five million monthly active users in Brazil; plans due 2026-08-16, reports 2026-12-19.",Legal status / scope,Legal / operational precedent,Legal existence,Established evidence,Direct,Active,2026-08-11,Legal status never implies control effectiveness.
CLM-0210,"Mandatory platform election-integrity compliance plans with measurable indicators targets Require covered platforms to translate each electoral duty into concrete measures, baselines, measurable indicators, deadlines, expected results, impact assessment, evidence preservation, TSE channels and public/supervisory reporting. at Broad legal duties → vague platform promises → unmeasured safeguards → persistent agency transfer; measurable plans create ex ante accountability and enforcement hooks.; expected agency domain: Collective / institutional.",Mechanism,Legal / operational precedent,Mechanism / agency,Established evidence,Conditional,Active,2026-08-11,Mechanism claim is distinct from evidence that the control works.
CLM-0211,"None — legal existence only. Expected effect if the control works: Can turn qualitative platform assurances into a comparable, time-bound control register before October.",Control effectiveness,Legal / operational precedent,Control effectiveness,Open question,None,Active,2026-08-11,Do not upgrade this claim from Open question because a legal duty or risk mechanism exists.
CLM-0212,"As of 2026-08-11, Verified political boosting, public repositories and platform AI-declaration fields is coded Binding / Applicable. Scope: In force for 2026",Legal status / scope,Legal / operational precedent,Legal existence,Strong inference,Indirect,Active,2026-08-11,Legal status never implies control effectiveness.
CLM-0213,"Verified political boosting, public repositories and platform AI-declaration fields targets Allow paid political boosting only through recognised providers and authorised political actors, require unequivocal identification and a public repository of boosting data, and require a specific field for advertisers to declare AI use. at Campaign or proxy → paid amplification → selected voters → attention and preference change → agency transfer → concentrated spending power; verification and repositories expose the transaction.; expected agency domain: Attentional; Evaluative; Decisional; Collective / institutional.",Mechanism,Legal / operational precedent,Mechanism / agency,Established evidence,Conditional,Active,2026-08-11,Mechanism claim is distinct from evidence that the control works.
CLM-0214,"None — legal existence only. Expected effect if the control works: Links sponsor, spend, reach and synthetic-content declaration at the point of paid distribution.",Control effectiveness,Legal / operational precedent,Control effectiveness,Open question,None,Active,2026-08-11,Do not upgrade this claim from Open question because a legal duty or risk mechanism exists.
CLM-0215,"As of 2026-08-11, CIEDDE-SIADE integrated election-disinformation alert and coordination system is coded Voluntary / private / Operational voluntary. Scope: Operational and expanded through July 2026 agreements with major platforms",Legal status / scope,Legal / operational precedent,Legal existence,Strong inference,Indirect,Active,2026-08-11,Legal status never implies control effectiveness.
CLM-0216,"CIEDDE-SIADE integrated election-disinformation alert and coordination system targets Provide an anonymous public reporting channel; triage false, misleading or decontextualised election-integrity content; send platform-policy cases to designated platform channels and possible crimes or administrative offences to competent authorities; coordinate TSE, prosecutors, justice, police, telecom regulators and private services. at Cross-platform incident → dispersed citizen and institutional signals → delayed action → trust or turnout harm → agency transfer; a common hub consolidates evidence and routes response.; expected agency domain: Epistemic; Relational; Collective / institutional.",Mechanism,Normative proposal,Mechanism / agency,Plausible hypothesis,Conditional,Active,2026-08-11,Mechanism claim is distinct from evidence that the control works.
CLM-0217,"Indirect / mixed. Expected effect if the control works: Creates a real-time bridge between public detection, authoritative verification, platform action and judicial or criminal escalation.",Control effectiveness,Normative proposal,Control effectiveness,Strong inference,Indirect,Active,2026-08-11,Do not upgrade this claim from Strong inference because a legal duty or risk mechanism exists.
CLM-0218,"As of 2026-08-11, Ban on telemarketing and non-consensual mass messaging for electoral propaganda is coded Binding / Applicable. Scope: In force for 2026",Legal status / scope,Legal / operational precedent,Legal existence,Established evidence,Direct,Active,2026-08-11,Legal status never implies control effectiveness.
CLM-0219,Ban on telemarketing and non-consensual mass messaging for electoral propaganda targets Prohibit electoral telemarketing at any time and coordinated mass sending of instant messages without recipient consent or through tools and services that violate the messaging provider's terms; prohibit sale of phone-number lists for mass sends. at Campaign or contractor → purchased contact lists and automation → private trusted channel → repeated personalised pressure → agency transfer to sender → hidden mass influence.; expected agency domain: Executive; Relational.,Mechanism,Legal / operational precedent,Mechanism / agency,Established evidence,Conditional,Active,2026-08-11,Mechanism claim is distinct from evidence that the control works.
CLM-0220,None — legal existence only. Expected effect if the control works: Targets the mass-personalisation and consent asymmetry that made WhatsApp a powerful hidden influence vector.,Control effectiveness,Legal / operational precedent,Control effectiveness,Open question,None,Active,2026-08-11,Do not upgrade this claim from Open question because a legal duty or risk mechanism exists.
CLM-0221,"As of 2026-08-11, Electoral data-protection duties for profiling and microtargeting is coded Binding / Applicable. Scope: Binding and applicable to 2026 campaigns",Legal status / scope,Legal / operational precedent,Legal existence,Established evidence,Direct,Active,2026-08-11,Legal status never implies control effectiveness.
CLM-0222,"Electoral data-protection duties for profiling and microtargeting targets Require legal basis, purpose limitation, access and rights information, records of processing, security and incident reporting; make profiling for electoral microtargeting transparent; require specific, express and prominent consent for sensitive data and public high-risk impact reports when requested. at Campaign, broker or community data holder → intimate or sensitive voter profile → tailored content or contact → vulnerability exploitation → agency transfer to campaign → concentrated informational power.; expected agency domain: Epistemic; Evaluative; Decisional; Executive; Collective / institutional.",Mechanism,Legal / operational precedent,Mechanism / agency,Established evidence,Conditional,Active,2026-08-11,Mechanism claim is distinct from evidence that the control works.
CLM-0223,"None — legal existence only. Expected effect if the control works: Constrains Cambridge Analytica-style collection, community-data transfer and vulnerability microtargeting, while creating records for later investigation.",Control effectiveness,Legal / operational precedent,Control effectiveness,Open question,None,Active,2026-08-11,Do not upgrade this claim from Open question because a legal duty or risk mechanism exists.
CLM-0224,"As of 2026-08-11, Prohibit materially harmful AI manipulation and exploitation is coded Binding / Applicable. Scope: Existing law; Article 5 prohibitions apply since 2 February 2025",Legal status / scope,Legal / operational precedent,Legal existence,Strong inference,Indirect,Active,2026-08-11,Legal status never implies control effectiveness.
CLM-0225,"Prohibit materially harmful AI manipulation and exploitation targets Ban AI systems using subliminal, purposefully manipulative or deceptive techniques, or exploiting specified vulnerabilities, where behavior is materially distorted and significant harm results or is likely. at Adaptive AI → provider or deployer → covert manipulation → person or group → impaired informed choice → agency transferred to deployer → concentrated influence → autonomy and democratic harm.; expected agency domain: Evaluative; Decisional; Executive; Collective / institutional.",Mechanism,Legal / operational precedent,Human immediate outcome,Established evidence,Conditional,Active,2026-08-11,Mechanism claim is distinct from evidence that the control works.
CLM-0226,None — legal existence only. Expected effect if the control works: Creates a hard boundary for the clearest forms of manipulative AI.,Control effectiveness,Legal / operational precedent,Control effectiveness,Open question,None,Active,2026-08-11,Do not upgrade this claim from Open question because a legal duty or risk mechanism exists.
CLM-0227,"As of 2026-08-11, Require a non-profiling recommender option is coded Binding / Applicable. Scope: Existing law in application",Legal status / scope,Legal / operational precedent,Legal existence,Established evidence,Direct,Active,2026-08-11,Legal status never implies control effectiveness.
CLM-0228,Require a non-profiling recommender option targets Require VLOPs and VLOSEs to offer at least one recommender option not based on GDPR profiling. at Profiling capability → platform → personalized ranking → citizen → altered attention and salience → agenda-setting agency transfers to platform → epistemic power concentrates → pluralism declines.; expected agency domain: Epistemic; Attentional.,Mechanism,Legal / operational precedent,Mechanism / agency,Established evidence,Conditional,Active,2026-08-11,Mechanism claim is distinct from evidence that the control works.
CLM-0229,None — legal existence only. Expected effect if the control works: Creates a route out of personalized attention steering.,Control effectiveness,Legal / operational precedent,Control effectiveness,Open question,None,Active,2026-08-11,Do not upgrade this claim from Open question because a legal duty or risk mechanism exists.
CLM-0230,"As of 2026-08-11, Apply purpose limitation, minimization, access, correction, erasure and DPIAs to assistant memory is coded Binding / Applicable. Scope: Existing law",Legal status / scope,Legal / operational precedent,Legal existence,Strong inference,Indirect,Active,2026-08-11,Legal status never implies control effectiveness.
CLM-0231,"Apply purpose limitation, minimization, access, correction, erasure and DPIAs to assistant memory targets Treat stored conversations, profiles, inferred preferences and memory as accountable personal-data processing. at Persistent memory → assistant provider → intimate profiling → user → prediction and preference shaping → informational agency shifts to provider → asymmetric knowledge concentrates → manipulation and dependency risks rise.; expected agency domain: Epistemic; Evaluative; Executive; Relational.",Mechanism,Legal / operational precedent,Human immediate outcome,Established evidence,Conditional,Active,2026-08-11,Mechanism claim is distinct from evidence that the control works.
CLM-0232,Direct component evidence. Expected effect if the control works: Limits the informational substrate for intimate and longitudinal manipulation.,Control effectiveness,Legal / operational precedent,Control effectiveness,Established evidence,Direct,Active,2026-08-11,Do not upgrade this claim from Established evidence because a legal duty or risk mechanism exists.
CLM-0233,"As of 2026-08-11, Apply limited GDPR portability and automated-decision rights; prototype functional assistant exit is coded Binding / Applicable. Scope: Existing law",Legal status / scope,Legal / operational precedent,Legal existence,Strong inference,Indirect,Active,2026-08-11,Legal status never implies control effectiveness.
CLM-0234,Apply limited GDPR portability and automated-decision rights; prototype functional assistant exit targets Allow users to receive personal data they provided in portable form and challenge qualifying solely automated decisions with legal or similarly significant effects; separately test portability of derived assistant state. at Agent integration → provider → accumulated context and automated judgment → user → switching cost or consequential outcome → dependency transfers agency to provider → lock-in concentrates power → accountability falls.; expected agency domain: Decisional; Executive; Relational.,Mechanism,Legal / operational precedent,Human immediate outcome,Established evidence,Conditional,Active,2026-08-11,Mechanism claim is distinct from evidence that the control works.
CLM-0235,"Direct component evidence. Expected effect if the control works: Provides partial exit, review and redress rights.",Control effectiveness,Legal / operational precedent,Control effectiveness,Established evidence,Direct,Active,2026-08-11,Do not upgrade this claim from Established evidence because a legal duty or risk mechanism exists.
CLM-0236,"As of 2026-08-11, Mandate operating-system interoperability for rival AI assistants is coded Binding / Applicable. Scope: Binding Commission decision adopted 16 July 2026",Legal status / scope,Legal / operational precedent,Legal existence,Strong inference,Indirect,Active,2026-08-11,Legal status never implies control effectiveness.
CLM-0237,"Mandate operating-system interoperability for rival AI assistants targets Give competing AI services access to Android features on equivalent terms to the gatekeeper's own AI. at OS control → gatekeeper → privileged invocation, context and device functions → users → default dependence → agency and distribution shift to gatekeeper → assistant market concentrates → choice and pluralism weaken.; expected agency domain: Decisional; Relational.",Mechanism,Legal / operational precedent,Mechanism / agency,Established evidence,Conditional,Active,2026-08-11,Mechanism claim is distinct from evidence that the control works.
CLM-0238,None — legal existence only. Expected effect if the control works: Directly lowers technical foreclosure of rival assistants.,Control effectiveness,Legal / operational precedent,Control effectiveness,Open question,None,Active,2026-08-11,Do not upgrade this claim from Open question because a legal duty or risk mechanism exists.
CLM-0239,"As of 2026-08-11, Remove cloud switching barriers and require interoperability is coded Binding / Applicable. Scope: Existing law in application",Legal status / scope,Legal / operational precedent,Legal existence,Strong inference,Indirect,Active,2026-08-11,Legal status never implies control effectiveness.
CLM-0240,Remove cloud switching barriers and require interoperability targets Impose contractual and technical duties supporting switching between data-processing services and progressively removing switching charges. at Cloud dependence → infrastructure provider → proprietary services and egress barriers → firm or government → inability to exit → institutional agency shifts to vendor → infrastructure power concentrates → resilience declines.; expected agency domain: Relational; Collective / institutional.,Mechanism,Legal / operational precedent,Mechanism / agency,Established evidence,Conditional,Active,2026-08-11,Mechanism claim is distinct from evidence that the control works.
CLM-0241,None — legal existence only. Expected effect if the control works: Reduces a major source of vendor lock-in underneath AI systems.,Control effectiveness,Legal / operational precedent,Control effectiveness,Open question,None,Active,2026-08-11,Do not upgrade this claim from Open question because a legal duty or risk mechanism exists.
CLM-0242,"As of 2026-08-11, Require fundamental-rights impact assessment before specified public or public-service AI deployment is coded Binding — phased / Enacted / not yet applicable. Scope: Binding duty enacted; general Annex III applicability scheduled for 2027-12-02 under the amended timetable",Legal status / scope,Legal / operational precedent,Legal existence,Strong inference,Indirect,Active,2026-08-11,Legal status never implies control effectiveness.
CLM-0243,"Require fundamental-rights impact assessment before specified public or public-service AI deployment targets Require affected groups, risks, oversight and mitigation to be assessed before deploying covered high-risk AI. at High-risk AI → public authority or service provider → automated assessment → citizen → changed entitlement, opportunity or treatment → administrative agency shifts to system and vendor → institutional control concentrates → rights and legitimacy suffer.; expected agency domain: Collective / institutional.",Mechanism,Legal / operational precedent,Mechanism / agency,Established evidence,Conditional,Active,2026-08-11,Mechanism claim is distinct from evidence that the control works.
CLM-0244,None — legal existence only. Expected effect if the control works: Creates a formal gate before consequential institutional deployment.,Control effectiveness,Legal / operational precedent,Control effectiveness,Open question,None,Active,2026-08-11,Do not upgrade this claim from Open question because a legal duty or risk mechanism exists.
CLM-0245,"As of 2026-08-11, Provide complaints, investigation and remedial routes under the AI Act is coded Binding / Applicable. Scope: Existing law; EU complaint tool launched in 2026",Legal status / scope,Legal / operational precedent,Legal existence,Strong inference,Indirect,Active,2026-08-11,Legal status never implies control effectiveness.
CLM-0246,"Provide complaints, investigation and remedial routes under the AI Act targets Allow natural and legal persons to complain and empower authorities to inspect documentation, data and source code and order corrective measures. at Opaque AI harm → provider or deployer → inaccessible decision process → affected person → inability to challenge → agency remains with controller → unaccountable power consolidates → rule-of-law harm.; expected agency domain: Epistemic; Decisional.",Mechanism,Legal / operational precedent,Mechanism / agency,Established evidence,Conditional,Active,2026-08-11,Mechanism claim is distinct from evidence that the control works.
CLM-0247,None — legal existence only. Expected effect if the control works: Creates a route from observed harm to public enforcement.,Control effectiveness,Legal / operational precedent,Control effectiveness,Open question,None,Active,2026-08-11,Do not upgrade this claim from Open question because a legal duty or risk mechanism exists.
CLM-0248,"As of 2026-08-11, Mandate independent annual audits of very large platforms is coded Binding / Applicable. Scope: Existing law in application",Legal status / scope,Legal / operational precedent,Legal existence,Established evidence,Direct,Active,2026-08-11,Legal status never implies control effectiveness.
CLM-0249,"Mandate independent annual audits of very large platforms targets Require independent audits of DSA obligations, including systemic-risk assessment and mitigation. at Platform-scale algorithms → platform → ranking and moderation → population → systemic exposure changes → public agenda agency shifts to platform → power concentrates → democratic risk grows; audit introduces external scrutiny.; expected agency domain: Attentional; Relational; Collective / institutional.",Mechanism,Legal / operational precedent,Mechanism / agency,Established evidence,Conditional,Active,2026-08-11,Mechanism claim is distinct from evidence that the control works.
CLM-0250,None — legal existence only. Expected effect if the control works: Institutionalizes recurring external review of platform risk controls.,Control effectiveness,Legal / operational precedent,Control effectiveness,Open question,None,Active,2026-08-11,Do not upgrade this claim from Open question because a legal duty or risk mechanism exists.
CLM-0251,"As of 2026-08-11, Protect and operationalize insider reporting on platform algorithmic practices is coded Voluntary / private / Operational voluntary. Scope: Operational enforcement channel",Legal status / scope,Legal / operational precedent,Legal existence,Strong inference,Indirect,Active,2026-08-11,Legal status never implies control effectiveness.
CLM-0252,"Protect and operationalize insider reporting on platform algorithmic practices targets Provide an anonymous channel for insiders to report possible DSA violations involving recommender systems, advertising, risk assessment, civic discourse and children. at Internal knowledge → platform → secrecy → regulator and public → hidden manipulation persists → agency remains with platform → control concentrates → systemic harm remains uncorrected.; expected agency domain: Epistemic; Evaluative; Collective / institutional.",Mechanism,Normative proposal,Mechanism / agency,Plausible hypothesis,Conditional,Active,2026-08-11,Mechanism claim is distinct from evidence that the control works.
CLM-0253,Indirect / mixed. Expected effect if the control works: Surfaces conduct that external audits may not detect.,Control effectiveness,Normative proposal,Control effectiveness,Strong inference,Indirect,Active,2026-08-11,Do not upgrade this claim from Strong inference because a legal duty or risk mechanism exists.
CLM-0254,"As of 2026-08-11, Evaluate, mitigate and report systemic risks from frontier general-purpose AI is coded Binding — limited scope / Applicable. Scope: Binding GPAI systemic-risk duties; GPAI Code remains a voluntary compliance route.",Legal status / scope,Legal / operational precedent,Legal existence,Established evidence,Direct,Active,2026-08-11,Legal status never implies control effectiveness.
CLM-0255,"Evaluate, mitigate and report systemic risks from frontier general-purpose AI targets Require providers of GPAI models with systemic risk to assess and mitigate risk, conduct model evaluations, report serious incidents and maintain cybersecurity. at Frontier capability → model provider → downstream general-purpose deployment → large populations and institutions → scalable harmful behavior → agency shifts toward model ecosystem → capability control concentrates → systemic democratic harm becomes possible.; expected agency domain: Executive; Collective / institutional.",Mechanism,Legal / operational precedent,Mechanism / agency,Established evidence,Conditional,Active,2026-08-11,Mechanism claim is distinct from evidence that the control works.
CLM-0256,None — legal existence only. Expected effect if the control works: Creates capability-sensitive obligations for the most advanced models.,Control effectiveness,Legal / operational precedent,Control effectiveness,Open question,None,Active,2026-08-11,Do not upgrade this claim from Open question because a legal duty or risk mechanism exists.
CLM-0257,"As of 2026-08-11, Protect autonomy, democratic processes and free opinion formation throughout the AI lifecycle is coded Binding — phased / Enacted / not yet applicable. Scope: CETS 225 adopted and EU-ratified but not yet in force as of 2026-08-11.",Legal status / scope,Legal / operational precedent,Legal existence,Established evidence,Direct,Active,2026-08-11,Legal status never implies control effectiveness.
CLM-0258,"Protect autonomy, democratic processes and free opinion formation throughout the AI lifecycle targets Require parties to protect dignity, autonomy, democratic processes, transparency, accountability, remedies and lifecycle risk management. at AI system → state or private actor → influence or institutional automation → citizen or institution → impaired opinion formation or participation → agency transfers to controller → power concentrates → self-government is weakened.; expected agency domain: Collective / institutional.",Mechanism,Legal / operational precedent,Mechanism / agency,Established evidence,Conditional,Active,2026-08-11,Mechanism claim is distinct from evidence that the control works.
CLM-0259,"None — legal existence only. Expected effect if the control works: Provides the clearest binding bridge between AI, autonomy, democracy and rule of law.",Control effectiveness,Legal / operational precedent,Control effectiveness,Open question,None,Active,2026-08-11,Do not upgrade this claim from Open question because a legal duty or risk mechanism exists.
CLM-0260,"As of 2026-08-11, Protect media pluralism and regulated media visibility on dominant platforms is coded Binding / Applicable. Scope: Existing law; most provisions apply since 8 August 2025",Legal status / scope,Legal / operational precedent,Legal existence,Strong inference,Indirect,Active,2026-08-11,Legal status never implies control effectiveness.
CLM-0261,"Protect media pluralism and regulated media visibility on dominant platforms targets Create safeguards for recognized media providers against arbitrary platform restrictions and require media-market concentration assessment. at Platform or media concentration → controller → ranking, removal or acquisition → public → narrowed information environment → epistemic agency shifts to concentrated intermediaries → agenda power consolidates → pluralism and legitimacy decline.; expected agency domain: Epistemic; Attentional; Collective / institutional.",Mechanism,Legal / operational precedent,Mechanism / agency,Established evidence,Conditional,Active,2026-08-11,Mechanism claim is distinct from evidence that the control works.
CLM-0262,"None — legal existence only. Expected effect if the control works: Recognizes concentration and platform intermediation as democratic, not merely economic, concerns.",Control effectiveness,Legal / operational precedent,Control effectiveness,Open question,None,Active,2026-08-11,Do not upgrade this claim from Open question because a legal duty or risk mechanism exists.
CLM-0263,"As of 2026-08-11, Publish a mandatory public-sector algorithm and AI register is coded Binding — limited scope / Partial / verify. Scope: Operational mandatory policy for in-scope bodies",Legal status / scope,Legal / operational precedent,Legal existence,Strong inference,Indirect,Active,2026-08-11,Legal status never implies control effectiveness.
CLM-0264,"Publish a mandatory public-sector algorithm and AI register targets Require departments to disclose where, why and how algorithmic tools affect public decisions, with risks, data, responsibility and contacts. at Administrative AI → public body and vendor → hidden decision support → citizen → invisible influence on public treatment → agency shifts from accountable officials → vendor-administration nexus concentrates → legitimacy falls.; expected agency domain: Decisional; Executive; Collective / institutional.",Mechanism,Legal / operational precedent,Mechanism / agency,Established evidence,Conditional,Active,2026-08-11,Mechanism claim is distinct from evidence that the control works.
CLM-0265,None — legal existence only. Expected effect if the control works: Makes institutional AI dependence visible and assigns responsibility.,Control effectiveness,Legal / operational precedent,Control effectiveness,Open question,None,Active,2026-08-11,Do not upgrade this claim from Open question because a legal duty or risk mechanism exists.
CLM-0266,"As of 2026-08-11, Mandate algorithmic impact assessment, explanation, peer review and recourse in government is coded Binding / Partial / verify. Scope: Operational government directive",Legal status / scope,Legal / operational precedent,Legal existence,Strong inference,Indirect,Active,2026-08-11,Legal status never implies control effectiveness.
CLM-0267,"Mandate algorithmic impact assessment, explanation, peer review and recourse in government targets Scale requirements according to a mandatory impact score, including notice, explanation, testing, peer review, human intervention and contingency planning. at Automated decision system → department and supplier → administrative assessment → person → entitlement or opportunity changes → decision agency shifts to system → bureaucratic authority becomes opaque → procedural legitimacy declines.; expected agency domain: Decisional.",Mechanism,Legal / operational precedent,Mechanism / agency,Established evidence,Conditional,Active,2026-08-11,Mechanism claim is distinct from evidence that the control works.
CLM-0268,None — legal existence only. Expected effect if the control works: Combines ex-ante classification with concrete safeguards and recourse.,Control effectiveness,Legal / operational precedent,Control effectiveness,Open question,None,Active,2026-08-11,Do not upgrade this claim from Open question because a legal duty or risk mechanism exists.
CLM-0269,"As of 2026-08-11, Use AI-specific model clauses in public procurement is coded Voluntary / private / Operational voluntary. Scope: Published operational template",Legal status / scope,Legal / operational precedent,Legal existence,Strong inference,Indirect,Active,2026-08-11,Legal status never implies control effectiveness.
CLM-0270,"Use AI-specific model clauses in public procurement targets Contract for documentation, risk management, data governance, monitoring, audit access, incident handling and compliance across high- and non-high-risk AI. at External AI procurement → supplier → contractual control of model, data and updates → public body → operational dependence → institutional agency shifts to supplier → vendor power concentrates → accountability and continuity weaken.; expected agency domain: Relational; Collective / institutional.",Mechanism,Normative proposal,Mechanism / agency,Plausible hypothesis,Conditional,Active,2026-08-11,Mechanism claim is distinct from evidence that the control works.
CLM-0271,Indirect / mixed. Expected effect if the control works: Translates abstract AI duties into enforceable buyer-supplier obligations.,Control effectiveness,Normative proposal,Control effectiveness,Strong inference,Indirect,Active,2026-08-11,Do not upgrade this claim from Strong inference because a legal duty or risk mechanism exists.
CLM-0272,"As of 2026-08-11, Use human-rights, democracy and rule-of-law impact assessment across the AI lifecycle is coded Voluntary / private / Operational voluntary. Scope: Adopted methodology",Legal status / scope,Legal / operational precedent,Legal existence,Strong inference,Indirect,Active,2026-08-11,Legal status never implies control effectiveness.
CLM-0273,"Use human-rights, democracy and rule-of-law impact assessment across the AI lifecycle targets Combine context analysis, stakeholder engagement, risk-and-impact assessment and a mitigation plan. at AI deployment → controller → socio-technical use → affected stakeholders → rights or democratic effects → possible agency transfer identified ex ante → mitigation limits concentrated control → legitimacy improves.; expected agency domain: Collective / institutional.",Mechanism,Normative proposal,Mechanism / agency,Plausible hypothesis,Conditional,Active,2026-08-11,Mechanism claim is distinct from evidence that the control works.
CLM-0274,Indirect / mixed. Expected effect if the control works: Broadens assessment beyond technical model risk to context and democratic institutions.,Control effectiveness,Normative proposal,Control effectiveness,Strong inference,Indirect,Active,2026-08-11,Do not upgrade this claim from Strong inference because a legal duty or risk mechanism exists.
CLM-0275,"Build an in-house public technical inspection authority targets Give a public interdisciplinary body the expertise to inspect algorithms, test systems, support data access and measure systemic effects. at Technical complexity → platform → expertise asymmetry → regulator → weak scrutiny → oversight agency shifts to regulated firm → private epistemic power concentrates → enforcement fails.; expected agency domain: Epistemic; Collective / institutional.",Mechanism,Normative proposal,Mechanism / agency,Plausible hypothesis,Conditional,Active,2026-08-11,Mechanism claim is distinct from evidence that the control works.
CLM-0276,Indirect / mixed. Expected effect if the control works: Reduces regulator dependence on provider explanations and consultants.,Control effectiveness,Normative proposal,Control effectiveness,Strong inference,Indirect,Active,2026-08-11,Do not upgrade this claim from Strong inference because a legal duty or risk mechanism exists.
CLM-0277,"As of 2026-08-11, Monitor AI markets against access, diversity, choice, flexibility, fair dealing, transparency and accountability is coded Binding / Partial / verify. Scope: Adopted policy framework and continuing market monitoring",Legal status / scope,Legal / operational precedent,Legal existence,Strong inference,Indirect,Active,2026-08-11,Legal status never implies control effectiveness.
CLM-0278,"Monitor AI markets against access, diversity, choice, flexibility, fair dealing, transparency and accountability targets Use a competition-policy framework to detect input bottlenecks, vertical integration, partnerships, lock-in and exclusionary conduct. at Compute, data and model advantages → incumbent firms → control of key inputs and distribution → developers and users → reduced choice and switching → agency shifts to incumbents → stack power concentrates → innovation and democratic pluralism decline.; expected agency domain: Decisional; Collective / institutional.",Mechanism,Legal / operational precedent,Mechanism / agency,Established evidence,Conditional,Active,2026-08-11,Mechanism claim is distinct from evidence that the control works.
CLM-0279,None — legal existence only. Expected effect if the control works: Moves concentration analysis across the AI value chain rather than treating models as an isolated market.,Control effectiveness,Legal / operational precedent,Control effectiveness,Open question,None,Active,2026-08-11,Do not upgrade this claim from Open question because a legal duty or risk mechanism exists.
CLM-0280,"As of 2026-08-11, Scrutinize frontier-lab partnerships, cloud ties and AI pre-installation agreements is coded Binding / Partial / verify. Scope: Ongoing enforcement and monitoring",Legal status / scope,Legal / operational precedent,Legal existence,Strong inference,Indirect,Active,2026-08-11,Legal status never implies control effectiveness.
CLM-0281,"Scrutinize frontier-lab partnerships, cloud ties and AI pre-installation agreements targets Use merger control and antitrust investigation to examine investments, exclusivity, cloud dependence and device pre-installation. at Capital and cloud partnership → large digital firm → privileged compute, distribution and defaults → AI developer and users → dependence and foreclosure → agency shifts to integrated ecosystem → cross-stack power concentrates → contestability falls.; expected agency domain: Relational.",Mechanism,Legal / operational precedent,Mechanism / agency,Established evidence,Conditional,Active,2026-08-11,Mechanism claim is distinct from evidence that the control works.
CLM-0282,None — legal existence only. Expected effect if the control works: Targets control routes that ordinary model-market shares conceal.,Control effectiveness,Legal / operational precedent,Control effectiveness,Open question,None,Active,2026-08-11,Do not upgrade this claim from Open question because a legal duty or risk mechanism exists.
CLM-0283,"Create an EU Digital Fairness Act covering dark patterns, addictive design and unfair personalization targets Close gaps in consumer law through clearer rules and centralized enforcement against exploitative digital practices, especially affecting minors. at Behavioral optimization → digital service → addictive or unfair personalized design → consumer → attention, spending or preference change → agency shifts to service → behavioral power concentrates → autonomy and welfare decline.; expected agency domain: Attentional; Evaluative.",Mechanism,Normative proposal,Human immediate outcome,Plausible hypothesis,Conditional,Active,2026-08-11,Mechanism claim is distinct from evidence that the control works.
CLM-0284,Indirect / mixed. Expected effect if the control works: Could regulate manipulative optimization below the AI Act's significant-harm threshold.,Control effectiveness,Normative proposal,Control effectiveness,Strong inference,Indirect,Active,2026-08-11,Do not upgrade this claim from Strong inference because a legal duty or risk mechanism exists.
CLM-0285,"As of 2026-08-11, Apply DMA coverage and designation analysis to qualifying AI assistants is coded Binding — limited scope / Partial / verify. Scope: Virtual assistants are a CPS category; standalone AI services remain under designation assessment",Legal status / scope,Legal / operational precedent,Legal existence,Strong inference,Indirect,Active,2026-08-11,Legal status never implies control effectiveness.
CLM-0286,"Apply DMA coverage and designation analysis to qualifying AI assistants targets Virtual assistants are already a DMA core-platform-service category; determine whether an AI service is integrated into a designated service or requires a designation decision, which would carry binding duties. at General agent capability → assistant provider → default interface to information and action → users and businesses → dependence on one intermediary → agency shifts to assistant gatekeeper → decision infrastructure concentrates → market and democratic power grow.; expected agency domain: Epistemic; Decisional; Executive; Relational; Collective / institutional.",Mechanism,Legal / operational precedent,Mechanism / agency,Established evidence,Conditional,Active,2026-08-11,Mechanism claim is distinct from evidence that the control works.
CLM-0287,None — legal existence only. Expected effect if the control works: Would apply ex-ante duties before assistant markets tip irreversibly.,Control effectiveness,Legal / operational precedent,Control effectiveness,Open question,None,Active,2026-08-11,Do not upgrade this claim from Open question because a legal duty or risk mechanism exists.
CLM-0288,"Pilot assistant loyalty and conflict audits before considering a statutory duty targets Require assistants to prioritize the user's legitimate interests, protect confidences, exercise care and avoid or manage conflicts. at Relational AI → provider → trusted advice and delegated action → user → reliance and preference formation → agency may transfer to assistant → provider gains intimate decision power → autonomy and democratic independence weaken; fiduciary duty redirects control.; expected agency domain: Evaluative; Decisional; Relational; Collective / institutional.",Mechanism,External empirical,Human immediate outcome,Strong inference,Conditional,Active,2026-08-11,Mechanism claim is distinct from evidence that the control works.
CLM-0289,None — mechanism or proposal only. Expected effect if the control works: Changes the assistant's legal objective from engagement or platform value to user loyalty.,Control effectiveness,External empirical,Control effectiveness,Plausible hypothesis,None,Active,2026-08-11,Do not upgrade this claim from Plausible hypothesis because a legal duty or risk mechanism exists.
CLM-0290,"Prohibit undisclosed sponsored steering and separate advice from platform commercial interests targets Require prominent disclosure, neutral alternatives and, for material conflicts, prohibition of advice optimized for the provider, advertiser or affiliate. at Assistant persuasion → provider or sponsor → hidden commercial ranking → user → altered purchase, belief or action → agency transfers to sponsor → transactional and epistemic power concentrates → autonomy and market fairness decline.; expected agency domain: Epistemic; Attentional; Evaluative.",Mechanism,External empirical,Human immediate outcome,Strong inference,Conditional,Active,2026-08-11,Mechanism claim is distinct from evidence that the control works.
CLM-0291,None — mechanism or proposal only. Expected effect if the control works: Prevents the assistant's trusted interface from becoming invisible paid placement.,Control effectiveness,External empirical,Control effectiveness,Plausible hypothesis,None,Active,2026-08-11,Do not upgrade this claim from Plausible hypothesis because a legal duty or risk mechanism exists.
CLM-0292,"Require scoped authorization, action ledgers, reversibility and renewal for agentic actions targets Bind agents to user-defined mandates; require confirmation for consequential action, immutable logs, easy revocation and rollback where feasible. at Agentic capability → provider and agent → autonomous tool use → user or third party → real-world transaction or communication → action agency shifts to agent → provider controls execution infrastructure → accountability and consent erode.; expected agency domain: Decisional; Executive.",Mechanism,Project — exploratory,Mechanism / agency,Plausible hypothesis,Conditional,Active,2026-08-11,Mechanism claim is distinct from evidence that the control works.
CLM-0293,Indirect / mixed. Expected effect if the control works: Preserves meaningful delegation without pretending that every action is directly human-controlled.,Control effectiveness,Project — exploratory,Control effectiveness,Strong inference,Indirect,Active,2026-08-11,Do not upgrade this claim from Strong inference because a legal duty or risk mechanism exists.
CLM-0294,"Create a portable assistant-memory capsule with verified deletion at origin targets Standardize export and import of conversations, preferences, user-defined goals, permissions, tool history and legible inferences, plus deletion certification. at Persistent personalized memory → assistant provider → accumulated relational and behavioral context → user → rising switching cost → dependency transfers agency to incumbent → intimate infrastructure concentrates → choice and contestability collapse.; expected agency domain: Evaluative; Decisional; Executive; Relational.",Mechanism,Normative proposal,Human immediate outcome,Plausible hypothesis,Conditional,Active,2026-08-11,Mechanism claim is distinct from evidence that the control works.
CLM-0295,None — mechanism or proposal only. Expected effect if the control works: Makes exit functionally realistic before assistant relationships become irreversible lock-in.,Control effectiveness,Normative proposal,Control effectiveness,Plausible hypothesis,None,Active,2026-08-11,Do not upgrade this claim from Plausible hypothesis because a legal duty or risk mechanism exists.
CLM-0296,"Create an Agency Transfer Impact Assessment targets Assess controller, influence vector, target, changes in belief, attention, trust, behavior or dependency, transfer of agency, concentration and democratic harm before and during deployment. at AI capability → controlling actor → influence vector → target → cognitive or behavioral change → agency transfer → concentration of power → democratic harm → tailored mitigation.; expected agency domain: Epistemic; Attentional; Evaluative; Relational; Collective / institutional.",Mechanism,Normative proposal,Human immediate outcome,Plausible hypothesis,Conditional,Active,2026-08-11,Mechanism claim is distinct from evidence that the control works.
CLM-0297,"None — mechanism or proposal only. Expected effect if the control works: Unifies model capability, deployment mechanism, institutional control and democratic consequences.",Control effectiveness,Normative proposal,Control effectiveness,Plausible hypothesis,None,Active,2026-08-11,Do not upgrade this claim from Plausible hypothesis because a legal duty or risk mechanism exists.
CLM-0298,"Adopt an institutional AI independence standard for public procurement targets Require multi-provider architecture, open interfaces, public-data control, model substitution, tested exit plans, internal expertise, change notice and continuity under provider withdrawal. at AI adoption → vendor → proprietary model, cloud and workflow → public institution → operational and cognitive dependence → institutional agency shifts to vendor → state capability concentrates privately → sovereignty, accountability and continuity weaken.; expected agency domain: Executive; Relational; Collective / institutional.",Mechanism,Normative proposal,Mechanism / agency,Plausible hypothesis,Conditional,Active,2026-08-11,Mechanism claim is distinct from evidence that the control works.
CLM-0299,Indirect / mixed. Expected effect if the control works: Treats dependency itself as a public risk rather than merely a commercial inconvenience.,Control effectiveness,Normative proposal,Control effectiveness,Strong inference,Indirect,Active,2026-08-11,Do not upgrade this claim from Strong inference because a legal duty or risk mechanism exists.
CLM-0300,"Publish an AI concentration and dependency dashboard across the full stack targets Track chips, compute, cloud, models, capital ties, distribution, defaults, user reach, delegated decisions, switching costs and public-sector dependencies. at Cross-stack assets → small group of firms → bottleneck and default control → developers, institutions and citizens → constrained alternatives → agency shifts toward incumbents → economic and epistemic power concentrates → democratic vulnerability grows.; expected agency domain: Epistemic; Decisional; Relational; Collective / institutional.",Mechanism,Normative proposal,Mechanism / agency,Plausible hypothesis,Conditional,Active,2026-08-11,Mechanism claim is distinct from evidence that the control works.
CLM-0301,Indirect / mixed. Expected effect if the control works: Makes hidden dependencies and cross-market leverage visible before conventional market shares show tipping.,Control effectiveness,Normative proposal,Control effectiveness,Strong inference,Indirect,Active,2026-08-11,Do not upgrade this claim from Strong inference because a legal duty or risk mechanism exists.
CLM-0302,"Apply presumptions and structural remedies to cross-stack AI consolidation targets Shift evidentiary burdens for exclusivity, discriminatory defaults, cloud-model tying and acquisitions by vertically integrated gatekeepers; use separation where behavioral remedies fail. at Integrated incumbent → cloud, model, OS or platform control → tying and foreclosure → rivals and users → fewer viable alternatives → agency shifts to integrated firm → durable gatekeeping power concentrates → innovation and democratic pluralism suffer.; expected agency domain: Collective / institutional.",Mechanism,Normative proposal,Mechanism / agency,Plausible hypothesis,Conditional,Active,2026-08-11,Mechanism claim is distinct from evidence that the control works.
CLM-0303,Indirect / mixed. Expected effect if the control works: Acts before AI infrastructure and assistant distribution become irreversibly integrated.,Control effectiveness,Normative proposal,Control effectiveness,Strong inference,Indirect,Active,2026-08-11,Do not upgrade this claim from Strong inference because a legal duty or risk mechanism exists.
CLM-0304,"Create a public-interest AI option and shared public AI infrastructure targets Fund publicly governed compute, models, data commons and assistants with universal-service, transparency, language and non-commercial mandates. at Frontier resources → public or civic institution → public-interest model and assistant → citizens and public bodies → credible alternative to private gatekeepers → agency remains contestable → power is less concentrated → democratic resilience improves.; expected agency domain: Epistemic; Collective / institutional.",Mechanism,Normative proposal,Mechanism / agency,Plausible hypothesis,Conditional,Active,2026-08-11,Mechanism claim is distinct from evidence that the control works.
CLM-0305,Indirect / mixed. Expected effect if the control works: Creates real exit and pluralism rather than relying solely on regulating dominant private assistants.,Control effectiveness,Normative proposal,Control effectiveness,Strong inference,Indirect,Active,2026-08-11,Do not upgrade this claim from Strong inference because a legal duty or risk mechanism exists.
CLM-0306,"Fund independent longitudinal audits and give civil society standing targets Create a levy-funded audit pool, secure data access, representative testing and legal standing for qualified public-interest organizations. at Provider evidence monopoly → AI company → hidden personalization and outcomes → public and affected groups → weak detection and redress → oversight agency remains with firm → accountability power concentrates → harm persists.; expected agency domain: Relational; Collective / institutional.",Mechanism,Normative proposal,Mechanism / agency,Plausible hypothesis,Conditional,Active,2026-08-11,Mechanism claim is distinct from evidence that the control works.
CLM-0307,None — mechanism or proposal only. Expected effect if the control works: Builds durable external capacity rather than episodic platform-funded research.,Control effectiveness,Normative proposal,Control effectiveness,Plausible hypothesis,None,Active,2026-08-11,Do not upgrade this claim from Plausible hypothesis because a legal duty or risk mechanism exists.
CLM-0308,"As of 2026-08-11, Prototype freedom-of-thought safeguards for AI-mediated influence is coded Mixed / Applicable. Scope: Binding underlying rights by jurisdiction; AI-specific cognitive-liberty application remains emerging",Legal status / scope,Legal / operational precedent,Legal existence,Strong inference,Indirect,Active,2026-08-11,Legal status never implies control effectiveness.
CLM-0309,"Prototype freedom-of-thought safeguards for AI-mediated influence targets Apply binding freedom-of-thought, privacy and expression rights where relevant; separately test the emerging AI-specific interpretation using concealment, consent, power asymmetry, vulnerability and deliberative impairment. at Affective inference and personalized persuasion → state or firm → covert cognitive intervention → person → altered belief or internal deliberation → mental agency transfers to controller → cognitive power concentrates → autonomy, pluralism and democracy suffer.; expected agency domain: Epistemic; Evaluative; Collective / institutional.",Mechanism,Legal / operational precedent,Human immediate outcome,Established evidence,Conditional,Active,2026-08-11,Mechanism claim is distinct from evidence that the control works.
CLM-0310,None — legal existence only. Expected effect if the control works: Protects mental autonomy even where economic loss or acute significant harm cannot be shown.,Control effectiveness,Legal / operational precedent,Control effectiveness,Open question,None,Active,2026-08-11,Do not upgrade this claim from Open question because a legal duty or risk mechanism exists.
CLM-0311,"Research democratic-authorization and sunset procedures for high-reach civic AI targets Subject assistants used in elections, public participation, mass civic information or core government workflows to public deliberation, legislative authorization and periodic renewal. at High-reach civic AI → provider or state → agenda setting and delegated public decisions → electorate or institution → reliance and authority shift → democratic agency transfers to system controller → constitutional power concentrates → self-government weakens.; expected agency domain: Epistemic; Decisional; Executive; Collective / institutional.",Mechanism,Normative proposal,Mechanism / agency,Open question,Conditional,Active,2026-08-11,Mechanism claim is distinct from evidence that the control works.
CLM-0312,None — mechanism or proposal only. Expected effect if the control works: Prevents de facto constitutional infrastructure from emerging through private product decisions alone.,Control effectiveness,Normative proposal,Control effectiveness,Plausible hypothesis,None,Active,2026-08-11,Do not upgrade this claim from Plausible hypothesis because a legal duty or risk mechanism exists.
CLM-0313,"Require pluralistic, user-controllable source and viewpoint architecture in dominant AI answer systems targets Expose source provenance, allow source-set and ranking choices, offer materially different epistemic modes and audit systematic omission or self-preferencing. at Answer-generation capability → assistant provider → synthesis and source selection → citizen → changed knowledge, salience and trust → epistemic agency shifts to assistant → agenda-setting power concentrates → pluralism and democratic deliberation decline.; expected agency domain: Epistemic; Attentional; Decisional; Relational; Collective / institutional.",Mechanism,Normative proposal,Human immediate outcome,Plausible hypothesis,Conditional,Active,2026-08-11,Mechanism claim is distinct from evidence that the control works.
CLM-0314,Indirect / mixed. Expected effect if the control works: Addresses the migration from ranked links to a single synthesized answer.,Control effectiveness,Normative proposal,Control effectiveness,Strong inference,Indirect,Active,2026-08-11,Do not upgrade this claim from Strong inference because a legal duty or risk mechanism exists.
CLM-0315,"Pilot election-period safeguards using evidence tiers, not a benchmark trigger targets Use APE, MASK and red teaming only to trigger human causal evaluation; stronger election-period controls require evidence of problematic process, human effect, material exposure and unresolved residual risk. at Frontier manipulation capability → model provider or campaign → scalable personalized operations → voters → belief, trust or turnout effects → electoral agency shifts to operator → political influence concentrates → election integrity and legitimacy are threatened.; expected agency domain: Epistemic; Evaluative; Decisional; Executive; Relational; Collective / institutional.",Mechanism,Normative proposal,Model behavior / capability,Plausible hypothesis,Conditional,Active,2026-08-11,Mechanism claim is distinct from evidence that the control works.
CLM-0316,None — mechanism or proposal only. Expected effect if the control works: Connects frontier capability evidence to operational mitigation before observed election harm.,Control effectiveness,Normative proposal,Control effectiveness,Plausible hypothesis,None,Active,2026-08-11,Do not upgrade this claim from Plausible hypothesis because a legal duty or risk mechanism exists.
CLM-0317,"As of 2026-08-11, Apply AI Act high-risk controls to systems intended to influence elections or voting behaviour is coded Binding — phased / Enacted / not yet applicable. Scope: Annex III 8(b) is limited to intended electoral/voting influence with direct exposure; main duties apply 2027-12-02.",Legal status / scope,Legal / operational precedent,Legal existence,Established evidence,Direct,Active,2026-08-11,Legal status never implies control effectiveness.
CLM-0318,"Apply AI Act high-risk controls to systems intended to influence elections or voting behaviour targets Classify AI systems whose intended purpose is to influence an election or referendum outcome or voting behaviour as high-risk and apply lifecycle risk, documentation, logging, transparency, oversight, accuracy, robustness and cybersecurity duties when the timetable applies. at Provider or campaign → intended election-influence system → voter or electorate → belief, preference or voting-behaviour change → agency shifts to system controller → electoral influence concentrates.; expected agency domain: Epistemic; Evaluative; Decisional; Collective / institutional.",Mechanism,Legal / operational precedent,Mechanism / agency,Established evidence,Conditional,Active,2026-08-11,Mechanism claim is distinct from evidence that the control works.
CLM-0319,None — legal existence only. Expected effect if the control works: Creates a direct lifecycle-control hook for AI intentionally designed to influence elections or voting behaviour.,Control effectiveness,Legal / operational precedent,Control effectiveness,Open question,None,Active,2026-08-11,Do not upgrade this claim from Open question because a legal duty or risk mechanism exists.
CLM-0320,"As of 2026-08-11, California AB 2655 was enacted but permanently enjoined as applied to the successful plaintiffs; appeal remained pending.",Legal status / scope,Legal / operational precedent,Legal existence,Strong inference,Indirect,Active,2026-08-11,Contested legal status does not establish enforceability against all parties or control effectiveness.
